ID	Label	PrefLabel	Entity Type	TYPE	Property Assertions	Synonyms	Cluster_ID	Function	cell_set_preferred_alias	original_label	cell_set_label	cell_set_aligned_alias	cell_set_additional_aliases	cell_set_alias_assignee	cell_set_alias_citation	Metadata	Exemplar_of	Comment	Aliases	Rank	Atlas_url	Atlas_url_label	Matrix_url	Matrix_url_label	Matrix_url_comment	embedding_set	tokens_group	display_order_group	color_hex_group	accession_subclass	tokens_subclass	display_order_subclass	color_hex_subclass	accession_class	tokens_class	display_order_class	color_hex_class	accession_neighborhood	tokens_neighborhood	display_order_neighborhood	color_hex_neighborhood	literature_name_long	CL:ID_group	CL:ID_subclass	CL:ID_neighborhood	cell_fullname
ID	LABEL	A skos:prefLabel	TI %	TYPE	I 'subcluster of' SPLIT=|	A oboInOwl:hasExactSynonym SPLIT=|	A 'cluster id'	TI capable_of some %	A n2o:cell_set_preferred_alias	A n2o:original_label	A n2o:cell_set_label	A n2o:cell_set_aligned_alias	A n2o:cell_set_additional_aliases SPLIT=|	A n2o:cell_set_alias_assignee SPLIT=|	A n2o:cell_set_alias_citation SPLIT=|	A n2o:node_metadata	TI 'exemplar data of' some %	A rdfs:comment	A oboInOwl:hasRelatedSynonym SPLIT=|	A 'cell_type_rank' SPLIT=|	A rdfs:seeAlso	>A rdfs:label	A rdfs:seeAlso	>A rdfs:label	>A rdfs:comment	A https://purl.brain-bican.org/taxonomy/CCN20230722#embedding_set	A https://purl.brain-bican.org/taxonomy/CCN20230722#tokens_group	A https://purl.brain-bican.org/taxonomy/CCN20230722#display_order_group	A https://purl.brain-bican.org/taxonomy/CCN20230722#color_hex_group	A https://purl.brain-bican.org/taxonomy/CCN20230722#accession_subclass	A https://purl.brain-bican.org/taxonomy/CCN20230722#tokens_subclass	A https://purl.brain-bican.org/taxonomy/CCN20230722#display_order_subclass	A https://purl.brain-bican.org/taxonomy/CCN20230722#color_hex_subclass	A https://purl.brain-bican.org/taxonomy/CCN20230722#accession_class	A https://purl.brain-bican.org/taxonomy/CCN20230722#tokens_class	A https://purl.brain-bican.org/taxonomy/CCN20230722#display_order_class	A https://purl.brain-bican.org/taxonomy/CCN20230722#color_hex_class	A https://purl.brain-bican.org/taxonomy/CCN20230722#accession_neighborhood	A https://purl.brain-bican.org/taxonomy/CCN20230722#tokens_neighborhood	A https://purl.brain-bican.org/taxonomy/CCN20230722#display_order_neighborhood	A https://purl.brain-bican.org/taxonomy/CCN20230722#color_hex_neighborhood	A https://purl.brain-bican.org/taxonomy/CCN20230722#literature_name_long	A https://purl.brain-bican.org/taxonomy/CCN20230722#CL:ID_group	A https://purl.brain-bican.org/taxonomy/CCN20230722#CL:ID_subclass	A https://purl.brain-bican.org/taxonomy/CCN20230722#CL:ID_neighborhood	
BICAN_INDV:CS20250428_NEIGH_0002	Subpallium GABA CS20250428_NEIGH_0002	Subpallium GABA CS20250428_NEIGH_0002	PCL:0010001	owl:NamedIndividual			CS20250428_NEIGH_0002										http://purl.obolibrary.org/obo/PCL_0160002						https://purl.brain-bican.org/taxonomy/CCN20230722/CS20250428_NEIGH_0002.h5ad	h5ad data file for CS20250428_NEIGH_0002	Warning large data file!																					None
BICAN_INDV:CS20250428_CLASS_0003	CN LGE GABA CS20250428_CLASS_0003	CN LGE GABA CS20250428_CLASS_0003	PCL:0010001	owl:NamedIndividual	BICAN_INDV:CS20250428_NEIGH_0002		CS20250428_CLASS_0003										http://purl.obolibrary.org/obo/PCL_0160013						https://purl.brain-bican.org/taxonomy/CCN20230722/CS20250428_NEIGH_0002.h5ad	h5ad data file for CS20250428_NEIGH_0002	Warning large data file!																					None
BICAN_INDV:CS20250428_SUBCL_0028	STR D1 MSN CS20250428_SUBCL_0028	STR D1 MSN CS20250428_SUBCL_0028	PCL:0010001	owl:NamedIndividual	BICAN_INDV:CS20250428_CLASS_0003		CS20250428_SUBCL_0028										http://purl.obolibrary.org/obo/PCL_0160058						https://purl.brain-bican.org/taxonomy/CCN20230722/CS20250428_NEIGH_0002.h5ad	h5ad data file for CS20250428_NEIGH_0002	Warning large data file!																					None
BICAN_INDV:CS20250428_GROUP_0049	STRd D1 Matrix MSN CS20250428_GROUP_0049	STRd D1 Matrix MSN CS20250428_GROUP_0049	PCL:0010001	owl:NamedIndividual	BICAN_INDV:CS20250428_SUBCL_0028	D1-Matrix	CS20250428_GROUP_0049										http://purl.obolibrary.org/obo/PCL_0160139						https://purl.brain-bican.org/taxonomy/CCN20230722/CS20250428_NEIGH_0002.h5ad	h5ad data file for CS20250428_NEIGH_0002	Warning large data file!	LGE	STRd|D1 Matrix MSN	1	#1f77b4	CS20250428_SUBCL_0028	STR|D1 MSN	31	#1655f2	CS20250428_CLASS_0003	CN|LGE|GABA	10	#d0b83c	CS20250428_NEIGH_0002	Subpallium|GABA	3	#19613b					None
BICAN_INDV:CS20250428_GROUP_0050	STRd D1 Striosome MSN CS20250428_GROUP_0050	STRd D1 Striosome MSN CS20250428_GROUP_0050	PCL:0010001	owl:NamedIndividual	BICAN_INDV:CS20250428_SUBCL_0028	D1-Striosome	CS20250428_GROUP_0050										http://purl.obolibrary.org/obo/PCL_0160140						https://purl.brain-bican.org/taxonomy/CCN20230722/CS20250428_NEIGH_0002.h5ad	h5ad data file for CS20250428_NEIGH_0002	Warning large data file!	LGE	STRd|D1 Striosome MSN	2	#d62728	CS20250428_SUBCL_0028	STR|D1 MSN	31	#1655f2	CS20250428_CLASS_0003	CN|LGE|GABA	10	#d0b83c	CS20250428_NEIGH_0002	Subpallium|GABA	3	#19613b					None
BICAN_INDV:CS20250428_SUBCL_0029	STR D2 MSN CS20250428_SUBCL_0029	STR D2 MSN CS20250428_SUBCL_0029	PCL:0010001	owl:NamedIndividual	BICAN_INDV:CS20250428_CLASS_0003		CS20250428_SUBCL_0029										http://purl.obolibrary.org/obo/PCL_0160059						https://purl.brain-bican.org/taxonomy/CCN20230722/CS20250428_NEIGH_0002.h5ad	h5ad data file for CS20250428_NEIGH_0002	Warning large data file!																					None
BICAN_INDV:CS20250428_GROUP_0052	STRd D2 Matrix MSN CS20250428_GROUP_0052	STRd D2 Matrix MSN CS20250428_GROUP_0052	PCL:0010001	owl:NamedIndividual	BICAN_INDV:CS20250428_SUBCL_0029	D2-Matrix	CS20250428_GROUP_0052										http://purl.obolibrary.org/obo/PCL_0160142						https://purl.brain-bican.org/taxonomy/CCN20230722/CS20250428_NEIGH_0002.h5ad	h5ad data file for CS20250428_NEIGH_0002	Warning large data file!	LGE	STRd|D2 Matrix MSN	3	#aec7e8	CS20250428_SUBCL_0029	STR|D2 MSN	32	#253c8c	CS20250428_CLASS_0003	CN|LGE|GABA	10	#d0b83c	CS20250428_NEIGH_0002	Subpallium|GABA	3	#19613b					None
BICAN_INDV:CS20250428_GROUP_0054	STRd D2 Striosome MSN CS20250428_GROUP_0054	STRd D2 Striosome MSN CS20250428_GROUP_0054	PCL:0010001	owl:NamedIndividual	BICAN_INDV:CS20250428_SUBCL_0029	D2-Striosome	CS20250428_GROUP_0054										http://purl.obolibrary.org/obo/PCL_0160144						https://purl.brain-bican.org/taxonomy/CCN20230722/CS20250428_NEIGH_0002.h5ad	h5ad data file for CS20250428_NEIGH_0002	Warning large data file!	LGE	STRd|D2 Striosome MSN	4	#ff9896	CS20250428_SUBCL_0029	STR|D2 MSN	32	#253c8c	CS20250428_CLASS_0003	CN|LGE|GABA	10	#d0b83c	CS20250428_NEIGH_0002	Subpallium|GABA	3	#19613b					None
BICAN_INDV:CS20250428_GROUP_0056	STRv D1 MSN CS20250428_GROUP_0056	STRv D1 MSN CS20250428_GROUP_0056	PCL:0010001	owl:NamedIndividual	BICAN_INDV:CS20250428_SUBCL_0028	D1-Shell/OT	CS20250428_GROUP_0056										http://purl.obolibrary.org/obo/PCL_0160146						https://purl.brain-bican.org/taxonomy/CCN20230722/CS20250428_NEIGH_0002.h5ad	h5ad data file for CS20250428_NEIGH_0002	Warning large data file!	LGE	STRv|D1 MSN	5	#339933	CS20250428_SUBCL_0028	STR|D1 MSN	31	#1655f2	CS20250428_CLASS_0003	CN|LGE|GABA	10	#d0b83c	CS20250428_NEIGH_0002	Subpallium|GABA	3	#19613b					None
BICAN_INDV:CS20250428_GROUP_0058	STRv D2 MSN CS20250428_GROUP_0058	STRv D2 MSN CS20250428_GROUP_0058	PCL:0010001	owl:NamedIndividual	BICAN_INDV:CS20250428_SUBCL_0029	D2-Shell/OT	CS20250428_GROUP_0058										http://purl.obolibrary.org/obo/PCL_0160148						https://purl.brain-bican.org/taxonomy/CCN20230722/CS20250428_NEIGH_0002.h5ad	h5ad data file for CS20250428_NEIGH_0002	Warning large data file!	LGE	STRv|D2 MSN	6	#98df8a	CS20250428_SUBCL_0029	STR|D2 MSN	32	#253c8c	CS20250428_CLASS_0003	CN|LGE|GABA	10	#d0b83c	CS20250428_NEIGH_0002	Subpallium|GABA	3	#19613b					None
BICAN_INDV:CS20250428_GROUP_0053	STRd D2 StrioMat Hybrid MSN CS20250428_GROUP_0053	STRd D2 StrioMat Hybrid MSN CS20250428_GROUP_0053	PCL:0010001	owl:NamedIndividual	BICAN_INDV:CS20250428_SUBCL_0029		CS20250428_GROUP_0053										http://purl.obolibrary.org/obo/PCL_0160143						https://purl.brain-bican.org/taxonomy/CCN20230722/CS20250428_NEIGH_0002.h5ad	h5ad data file for CS20250428_NEIGH_0002	Warning large data file!	LGE	STRd|D2 StrioMat Hybrid MSN	7	#5713c3	CS20250428_SUBCL_0029	STR|D2 MSN	32	#253c8c	CS20250428_CLASS_0003	CN|LGE|GABA	10	#d0b83c	CS20250428_NEIGH_0002	Subpallium|GABA	3	#19613b					None
BICAN_INDV:CS20250428_SUBCL_0030	STR Hybrid MSN CS20250428_SUBCL_0030	STR Hybrid MSN CS20250428_SUBCL_0030	PCL:0010001	owl:NamedIndividual	BICAN_INDV:CS20250428_CLASS_0003		CS20250428_SUBCL_0030										http://purl.obolibrary.org/obo/PCL_0160060						https://purl.brain-bican.org/taxonomy/CCN20230722/CS20250428_NEIGH_0002.h5ad	h5ad data file for CS20250428_NEIGH_0002	Warning large data file!																					None
BICAN_INDV:CS20250428_GROUP_0051	STR D1D2 Hybrid MSN CS20250428_GROUP_0051	STR D1D2 Hybrid MSN CS20250428_GROUP_0051	PCL:0010001	owl:NamedIndividual	BICAN_INDV:CS20250428_SUBCL_0030	D1/D2 Hybrid	CS20250428_GROUP_0051										http://purl.obolibrary.org/obo/PCL_0160141						https://purl.brain-bican.org/taxonomy/CCN20230722/CS20250428_NEIGH_0002.h5ad	h5ad data file for CS20250428_NEIGH_0002	Warning large data file!	LGE	STR|D1D2 Hybrid MSN	8	#9467bd	CS20250428_SUBCL_0030	STR|Hybrid MSN	33	#79bdf4	CS20250428_CLASS_0003	CN|LGE|GABA	10	#d0b83c	CS20250428_NEIGH_0002	Subpallium|GABA	3	#19613b					None
BICAN_INDV:CS20250428_GROUP_0057	STRv D1 NUDAP MSN CS20250428_GROUP_0057	STRv D1 NUDAP MSN CS20250428_GROUP_0057	PCL:0010001	owl:NamedIndividual	BICAN_INDV:CS20250428_SUBCL_0030	D1-NUDAP	CS20250428_GROUP_0057										http://purl.obolibrary.org/obo/PCL_0160147						https://purl.brain-bican.org/taxonomy/CCN20230722/CS20250428_NEIGH_0002.h5ad	h5ad data file for CS20250428_NEIGH_0002	Warning large data file!	LGE	STRv|D1 NUDAP MSN	9	#e377c2	CS20250428_SUBCL_0030	STR|Hybrid MSN	33	#79bdf4	CS20250428_CLASS_0003	CN|LGE|GABA	10	#d0b83c	CS20250428_NEIGH_0002	Subpallium|GABA	3	#19613b					None
BICAN_INDV:CS20250428_SUBCL_0021	OT Granular GABA CS20250428_SUBCL_0021	OT Granular GABA CS20250428_SUBCL_0021	PCL:0010001	owl:NamedIndividual	BICAN_INDV:CS20250428_CLASS_0003		CS20250428_SUBCL_0021										http://purl.obolibrary.org/obo/PCL_0160114						https://purl.brain-bican.org/taxonomy/CCN20230722/CS20250428_NEIGH_0002.h5ad	h5ad data file for CS20250428_NEIGH_0002	Warning large data file!																					None
BICAN_INDV:CS20250428_GROUP_0024	OT D1 ICj CS20250428_GROUP_0024	OT D1 ICj CS20250428_GROUP_0024	PCL:0010001	owl:NamedIndividual	BICAN_INDV:CS20250428_SUBCL_0021	D1-ICj (Islands of Calleja)	CS20250428_GROUP_0024										http://purl.obolibrary.org/obo/PCL_0160114						https://purl.brain-bican.org/taxonomy/CCN20230722/CS20250428_NEIGH_0002.h5ad	h5ad data file for CS20250428_NEIGH_0002	Warning large data file!	LGE	OT|D1 ICj	10	#ff7f0e	CS20250428_SUBCL_0021	OT|Granular|GABA	34	#9160cb	CS20250428_CLASS_0003	CN|LGE|GABA	10	#d0b83c	CS20250428_NEIGH_0002	Subpallium|GABA	3	#19613b	D1 Islands of Calleja				None
BICAN_INDV:CS20250428_SUBCL_0006	CN MEIS2 GABA CS20250428_SUBCL_0006	CN MEIS2 GABA CS20250428_SUBCL_0006	PCL:0010001	owl:NamedIndividual	BICAN_INDV:CS20250428_CLASS_0003		CS20250428_SUBCL_0006										http://purl.obolibrary.org/obo/PCL_0160103						https://purl.brain-bican.org/taxonomy/CCN20230722/CS20250428_NEIGH_0002.h5ad	h5ad data file for CS20250428_NEIGH_0002	Warning large data file!																					None
BICAN_INDV:CS20250428_GROUP_0013	GPe MEIS2-SOX6 GABA CS20250428_GROUP_0013	GPe MEIS2-SOX6 GABA CS20250428_GROUP_0013	PCL:0010001	owl:NamedIndividual	BICAN_INDV:CS20250428_SUBCL_0006		CS20250428_GROUP_0013										http://purl.obolibrary.org/obo/PCL_0160103						https://purl.brain-bican.org/taxonomy/CCN20230722/CS20250428_NEIGH_0002.h5ad	h5ad data file for CS20250428_NEIGH_0002	Warning large data file!	LGE	GPe|MEIS2|SOX6|GABA	11	#937a2e	CS20250428_SUBCL_0006	CN|MEIS2|GABA	30	#d8f378	CS20250428_CLASS_0003	CN|LGE|GABA	10	#d0b83c	CS20250428_NEIGH_0002	Subpallium|GABA	3	#19613b					None
BICAN_INDV:CS20250428_CLASS_0006	F M GABA CS20250428_CLASS_0006	F M GABA CS20250428_CLASS_0006	PCL:0010001	owl:NamedIndividual	BICAN_INDV:CS20250428_NEIGH_0002		CS20250428_CLASS_0006										http://purl.obolibrary.org/obo/PCL_0160016						https://purl.brain-bican.org/taxonomy/CCN20230722/CS20250428_NEIGH_0002.h5ad	h5ad data file for CS20250428_NEIGH_0002	Warning large data file!																					None
BICAN_INDV:CS20250428_SUBCL_0037	F GABA CS20250428_SUBCL_0037	F GABA CS20250428_SUBCL_0037	PCL:0010001	owl:NamedIndividual	BICAN_INDV:CS20250428_CLASS_0006		CS20250428_SUBCL_0037										http://purl.obolibrary.org/obo/PCL_0160067						https://purl.brain-bican.org/taxonomy/CCN20230722/CS20250428_NEIGH_0002.h5ad	h5ad data file for CS20250428_NEIGH_0002	Warning large data file!																					None
BICAN_INDV:CS20250428_GROUP_0066	AMY-SLEA-BNST GABA CS20250428_GROUP_0066	AMY-SLEA-BNST GABA CS20250428_GROUP_0066	PCL:0010001	owl:NamedIndividual	BICAN_INDV:CS20250428_SUBCL_0037		CS20250428_GROUP_0066										http://purl.obolibrary.org/obo/PCL_0160156						https://purl.brain-bican.org/taxonomy/CCN20230722/CS20250428_NEIGH_0002.h5ad	h5ad data file for CS20250428_NEIGH_0002	Warning large data file!	Interneuron	AMY|SLEA|BNST|GABA	12	#b69e14	CS20250428_SUBCL_0037	F|GABA	29	#7ba2df	CS20250428_CLASS_0006	F|M|GABA	9	#cd0f13	CS20250428_NEIGH_0002	Subpallium|GABA	3	#19613b					None
BICAN_INDV:CS20250428_GROUP_0065	AMY-SLEA-BNST D1 GABA CS20250428_GROUP_0065	AMY-SLEA-BNST D1 GABA CS20250428_GROUP_0065	PCL:0010001	owl:NamedIndividual	BICAN_INDV:CS20250428_SUBCL_0037		CS20250428_GROUP_0065										http://purl.obolibrary.org/obo/PCL_0160155						https://purl.brain-bican.org/taxonomy/CCN20230722/CS20250428_NEIGH_0002.h5ad	h5ad data file for CS20250428_NEIGH_0002	Warning large data file!	Interneuron	AMY|SLEA|BNST|D1|GABA	13	#9e86de	CS20250428_SUBCL_0037	F|GABA	29	#7ba2df	CS20250428_CLASS_0006	F|M|GABA	9	#cd0f13	CS20250428_NEIGH_0002	Subpallium|GABA	3	#19613b					None
BICAN_INDV:CS20250428_SUBCL_0026	SN PAX7 GABA CS20250428_SUBCL_0026	SN PAX7 GABA CS20250428_SUBCL_0026	PCL:0010001	owl:NamedIndividual	BICAN_INDV:CS20250428_CLASS_0006		CS20250428_SUBCL_0026										http://purl.obolibrary.org/obo/PCL_0160056						https://purl.brain-bican.org/taxonomy/CCN20230722/CS20250428_NEIGH_0002.h5ad	h5ad data file for CS20250428_NEIGH_0002	Warning large data file!																					None
BICAN_INDV:CS20250428_GROUP_0034	SN SEMA5A GABA CS20250428_GROUP_0034	SN SEMA5A GABA CS20250428_GROUP_0034	PCL:0010001	owl:NamedIndividual	BICAN_INDV:CS20250428_SUBCL_0026		CS20250428_GROUP_0034										http://purl.obolibrary.org/obo/PCL_0160124						https://purl.brain-bican.org/taxonomy/CCN20230722/CS20250428_NEIGH_0002.h5ad	h5ad data file for CS20250428_NEIGH_0002	Warning large data file!	Interneuron	SN|SEMA5A|GABA	14	#3604fb	CS20250428_SUBCL_0026	SN|PAX7|GABA	28	#720a7d	CS20250428_CLASS_0006	F|M|GABA	9	#cd0f13	CS20250428_NEIGH_0002	Subpallium|GABA	3	#19613b					None
BICAN_INDV:CS20250428_GROUP_0030	SN EBF2 GABA CS20250428_GROUP_0030	SN EBF2 GABA CS20250428_GROUP_0030	PCL:0010001	owl:NamedIndividual	BICAN_INDV:CS20250428_SUBCL_0026		CS20250428_GROUP_0030										http://purl.obolibrary.org/obo/PCL_0160120						https://purl.brain-bican.org/taxonomy/CCN20230722/CS20250428_NEIGH_0002.h5ad	h5ad data file for CS20250428_NEIGH_0002	Warning large data file!	Interneuron	SN|EBF2|GABA	15	#c8df45	CS20250428_SUBCL_0026	SN|PAX7|GABA	28	#720a7d	CS20250428_CLASS_0006	F|M|GABA	9	#cd0f13	CS20250428_NEIGH_0002	Subpallium|GABA	3	#19613b					None
BICAN_INDV:CS20250428_CLASS_0012	Cx GABA CS20250428_CLASS_0012	Cx GABA CS20250428_CLASS_0012	PCL:0010001	owl:NamedIndividual	BICAN_INDV:CS20250428_NEIGH_0002		CS20250428_CLASS_0012										http://purl.obolibrary.org/obo/PCL_0160066						https://purl.brain-bican.org/taxonomy/CCN20230722/CS20250428_NEIGH_0002.h5ad	h5ad data file for CS20250428_NEIGH_0002	Warning large data file!																					None
BICAN_INDV:CS20250428_SUBCL_0036	ACx MEIS2 GABA CS20250428_SUBCL_0036	ACx MEIS2 GABA CS20250428_SUBCL_0036	PCL:0010001	owl:NamedIndividual	BICAN_INDV:CS20250428_CLASS_0012		CS20250428_SUBCL_0036										http://purl.obolibrary.org/obo/PCL_0160066						https://purl.brain-bican.org/taxonomy/CCN20230722/CS20250428_NEIGH_0002.h5ad	h5ad data file for CS20250428_NEIGH_0002	Warning large data file!																					None
BICAN_INDV:CS20250428_GROUP_0068	OB FRMD7 GABA CS20250428_GROUP_0068	OB FRMD7 GABA CS20250428_GROUP_0068	PCL:0010001	owl:NamedIndividual	BICAN_INDV:CS20250428_SUBCL_0036		CS20250428_GROUP_0068										http://purl.obolibrary.org/obo/PCL_0160158						https://purl.brain-bican.org/taxonomy/CCN20230722/CS20250428_NEIGH_0002.h5ad	h5ad data file for CS20250428_NEIGH_0002	Warning large data file!	Interneuron	OB|FRMD7|GABA	16	#cd0753	CS20250428_SUBCL_0036	ACx|MEIS2|GABA	35	#3636ed	CS20250428_CLASS_0012	Cx|GABA	11	#ebb3a7	CS20250428_NEIGH_0002	Subpallium|GABA	3	#19613b					None
BICAN_INDV:CS20250428_GROUP_0067	OB Dopa-GABA CS20250428_GROUP_0067	OB Dopa-GABA CS20250428_GROUP_0067	PCL:0010001	owl:NamedIndividual	BICAN_INDV:CS20250428_SUBCL_0036		CS20250428_GROUP_0067										http://purl.obolibrary.org/obo/PCL_0160157						https://purl.brain-bican.org/taxonomy/CCN20230722/CS20250428_NEIGH_0002.h5ad	h5ad data file for CS20250428_NEIGH_0002	Warning large data file!	Interneuron	OB|Dopa|GABA	17	#902f6b	CS20250428_SUBCL_0036	ACx|MEIS2|GABA	35	#3636ed	CS20250428_CLASS_0012	Cx|GABA	11	#ebb3a7	CS20250428_NEIGH_0002	Subpallium|GABA	3	#19613b					None
BICAN_INDV:CS20250428_NEIGH_0003	Subpallium GABA-Glut CS20250428_NEIGH_0003	Subpallium GABA-Glut CS20250428_NEIGH_0003	PCL:0010001	owl:NamedIndividual			CS20250428_NEIGH_0003										http://purl.obolibrary.org/obo/PCL_0160106						https://purl.brain-bican.org/taxonomy/CCN20230722/CS20250428_NEIGH_0003.h5ad	h5ad data file for CS20250428_NEIGH_0003	Warning large data file!																					None
BICAN_INDV:CS20250428_CLASS_0002	CN GABA-Glut CS20250428_CLASS_0002	CN GABA-Glut CS20250428_CLASS_0002	PCL:0010001	owl:NamedIndividual	BICAN_INDV:CS20250428_NEIGH_0003		CS20250428_CLASS_0002										http://purl.obolibrary.org/obo/PCL_0160106						https://purl.brain-bican.org/taxonomy/CCN20230722/CS20250428_NEIGH_0003.h5ad	h5ad data file for CS20250428_NEIGH_0003	Warning large data file!																					None
BICAN_INDV:CS20250428_SUBCL_0014	CN GABA-Glut CS20250428_SUBCL_0014	CN GABA-Glut CS20250428_SUBCL_0014	PCL:0010001	owl:NamedIndividual	BICAN_INDV:CS20250428_CLASS_0002		CS20250428_SUBCL_0014										http://purl.obolibrary.org/obo/PCL_0160106						https://purl.brain-bican.org/taxonomy/CCN20230722/CS20250428_NEIGH_0003.h5ad	h5ad data file for CS20250428_NEIGH_0003	Warning large data file!																					None
BICAN_INDV:CS20250428_GROUP_0016	GPi Shell CS20250428_GROUP_0016	GPi Shell CS20250428_GROUP_0016	PCL:0010001	owl:NamedIndividual	BICAN_INDV:CS20250428_SUBCL_0014	GPi Shell	CS20250428_GROUP_0016										http://purl.obolibrary.org/obo/PCL_0160106						https://purl.brain-bican.org/taxonomy/CCN20230722/CS20250428_NEIGH_0003.h5ad	h5ad data file for CS20250428_NEIGH_0003	Warning large data file!	Interneuron	GPi Shell	18	#642265	CS20250428_SUBCL_0014	CN|GABA|Glut	36	#d2599a	CS20250428_CLASS_0002	CN|GABA|Glut	12	#1c8d83	CS20250428_NEIGH_0003	Subpallium|GABA|Glut	4	#7e1d19					None
BICAN_INDV:CS20250428_SUBCL_0007	CN ONECUT1 GABA CS20250428_SUBCL_0007	CN ONECUT1 GABA CS20250428_SUBCL_0007	PCL:0010001	owl:NamedIndividual	BICAN_INDV:CS20250428_CLASS_0006		CS20250428_SUBCL_0007										http://purl.obolibrary.org/obo/PCL_0160105						https://purl.brain-bican.org/taxonomy/CCN20230722/CS20250428_NEIGH_0002.h5ad	h5ad data file for CS20250428_NEIGH_0002	Warning large data file!																					None
BICAN_INDV:CS20250428_GROUP_0015	GPi Core CS20250428_GROUP_0015	GPi Core CS20250428_GROUP_0015	PCL:0010001	owl:NamedIndividual	BICAN_INDV:CS20250428_SUBCL_0007	GPi Core	CS20250428_GROUP_0015										http://purl.obolibrary.org/obo/PCL_0160105						https://purl.brain-bican.org/taxonomy/CCN20230722/CS20250428_NEIGH_0002.h5ad	h5ad data file for CS20250428_NEIGH_0002	Warning large data file!	Interneuron	GPi Core	19	#d3489a	CS20250428_SUBCL_0007	CN|ONECUT1|GABA	26	#967be5	CS20250428_CLASS_0006	F|M|GABA	9	#cd0f13	CS20250428_NEIGH_0002	Subpallium|GABA	3	#19613b					None
BICAN_INDV:CS20250428_SUBCL_0016	F M GATA3 GABA CS20250428_SUBCL_0016	F M GATA3 GABA CS20250428_SUBCL_0016	PCL:0010001	owl:NamedIndividual	BICAN_INDV:CS20250428_CLASS_0006		CS20250428_SUBCL_0016										http://purl.obolibrary.org/obo/PCL_0160046						https://purl.brain-bican.org/taxonomy/CCN20230722/CS20250428_NEIGH_0002.h5ad	h5ad data file for CS20250428_NEIGH_0002	Warning large data file!																					None
BICAN_INDV:CS20250428_GROUP_0033	SN GATA3-PVALB GABA CS20250428_GROUP_0033	SN GATA3-PVALB GABA CS20250428_GROUP_0033	PCL:0010001	owl:NamedIndividual	BICAN_INDV:CS20250428_SUBCL_0016	aSNpr	CS20250428_GROUP_0033										http://purl.obolibrary.org/obo/PCL_0160123						https://purl.brain-bican.org/taxonomy/CCN20230722/CS20250428_NEIGH_0002.h5ad	h5ad data file for CS20250428_NEIGH_0002	Warning large data file!	Interneuron	SN|GATA3|PVALB|GABA	20	#017d7c	CS20250428_SUBCL_0016	F|M|GATA3|GABA	27	#311a96	CS20250428_CLASS_0006	F|M|GABA	9	#cd0f13	CS20250428_NEIGH_0002	Subpallium|GABA	3	#19613b		PR 2577			None
BICAN_INDV:CS20250428_SUBCL_0005	CN LHX8 GABA CS20250428_SUBCL_0005	CN LHX8 GABA CS20250428_SUBCL_0005	PCL:0010001	owl:NamedIndividual	BICAN_INDV:CS20250428_CLASS_0006		CS20250428_SUBCL_0005										http://purl.obolibrary.org/obo/PCL_0160035						https://purl.brain-bican.org/taxonomy/CCN20230722/CS20250428_NEIGH_0002.h5ad	h5ad data file for CS20250428_NEIGH_0002	Warning large data file!																					None
BICAN_INDV:CS20250428_GROUP_0014	GPe SOX6-CTXND1 GABA CS20250428_GROUP_0014	GPe SOX6-CTXND1 GABA CS20250428_GROUP_0014	PCL:0010001	owl:NamedIndividual	BICAN_INDV:CS20250428_SUBCL_0005		CS20250428_GROUP_0014										http://purl.obolibrary.org/obo/PCL_0160104						https://purl.brain-bican.org/taxonomy/CCN20230722/CS20250428_NEIGH_0002.h5ad	h5ad data file for CS20250428_NEIGH_0002	Warning large data file!	Interneuron	GPe|SOX6|CTXND1|GABA	21	#e9dc4d	CS20250428_SUBCL_0005	CN|LHX8|GABA	25	#caf28b	CS20250428_CLASS_0006	F|M|GABA	9	#cd0f13	CS20250428_NEIGH_0002	Subpallium|GABA	3	#19613b					None
BICAN_INDV:CS20250428_GROUP_0063	ZI-HTH GABA CS20250428_GROUP_0063	ZI-HTH GABA CS20250428_GROUP_0063	PCL:0010001	owl:NamedIndividual	BICAN_INDV:CS20250428_SUBCL_0037		CS20250428_GROUP_0063										http://purl.obolibrary.org/obo/PCL_0160153						https://purl.brain-bican.org/taxonomy/CCN20230722/CS20250428_NEIGH_0002.h5ad	h5ad data file for CS20250428_NEIGH_0002	Warning large data file!	Interneuron	ZI|HTH|GABA	22	#c49c94	CS20250428_SUBCL_0037	F|GABA	29	#7ba2df	CS20250428_CLASS_0006	F|M|GABA	9	#cd0f13	CS20250428_NEIGH_0002	Subpallium|GABA	3	#19613b					None
BICAN_INDV:CS20250428_GROUP_0037	SN-VTR-HTH GATA3-TCF7L2 GABA CS20250428_GROUP_0037	SN-VTR-HTH GATA3-TCF7L2 GABA CS20250428_GROUP_0037	PCL:0010001	owl:NamedIndividual	BICAN_INDV:CS20250428_SUBCL_0016		CS20250428_GROUP_0037										http://purl.obolibrary.org/obo/PCL_0160127						https://purl.brain-bican.org/taxonomy/CCN20230722/CS20250428_NEIGH_0002.h5ad	h5ad data file for CS20250428_NEIGH_0002	Warning large data file!	Interneuron	SN|VTR|HTH|GATA3|TCF7L2|GABA	23	#1dbfcf	CS20250428_SUBCL_0016	F|M|GATA3|GABA	27	#311a96	CS20250428_CLASS_0006	F|M|GABA	9	#cd0f13	CS20250428_NEIGH_0002	Subpallium|GABA	3	#19613b					None
BICAN_INDV:CS20250428_GROUP_0032	SN GATA3-PAX8 GABA CS20250428_GROUP_0032	SN GATA3-PAX8 GABA CS20250428_GROUP_0032	PCL:0010001	owl:NamedIndividual	BICAN_INDV:CS20250428_SUBCL_0016	pSNpr	CS20250428_GROUP_0032										http://purl.obolibrary.org/obo/PCL_0160122						https://purl.brain-bican.org/taxonomy/CCN20230722/CS20250428_NEIGH_0002.h5ad	h5ad data file for CS20250428_NEIGH_0002	Warning large data file!	Interneuron	SN|GATA3|PAX8|GABA	24	#ff7266	CS20250428_SUBCL_0016	F|M|GATA3|GABA	27	#311a96	CS20250428_CLASS_0006	F|M|GABA	9	#cd0f13	CS20250428_NEIGH_0002	Subpallium|GABA	3	#19613b					None
BICAN_INDV:CS20250428_GROUP_0020	GPe-NDB-SI LHX6-LHX8-GBX1 GABA CS20250428_GROUP_0020	GPe-NDB-SI LHX6-LHX8-GBX1 GABA CS20250428_GROUP_0020	PCL:0010001	owl:NamedIndividual	BICAN_INDV:CS20250428_SUBCL_0005		CS20250428_GROUP_0020										http://purl.obolibrary.org/obo/PCL_0160110						https://purl.brain-bican.org/taxonomy/CCN20230722/CS20250428_NEIGH_0002.h5ad	h5ad data file for CS20250428_NEIGH_0002	Warning large data file!	Interneuron	GPe|NDB|SI|LHX6|LHX8|GBX1|GABA	25	#B2520E	CS20250428_SUBCL_0005	CN|LHX8|GABA	25	#caf28b	CS20250428_CLASS_0006	F|M|GABA	9	#cd0f13	CS20250428_NEIGH_0002	Subpallium|GABA	3	#19613b					None
BICAN_INDV:CS20250428_CLASS_0001	CN CGE GABA CS20250428_CLASS_0001	CN CGE GABA CS20250428_CLASS_0001	PCL:0010001	owl:NamedIndividual	BICAN_INDV:CS20250428_NEIGH_0002		CS20250428_CLASS_0001										http://purl.obolibrary.org/obo/PCL_0160011						https://purl.brain-bican.org/taxonomy/CCN20230722/CS20250428_NEIGH_0002.h5ad	h5ad data file for CS20250428_NEIGH_0002	Warning large data file!																					None
BICAN_INDV:CS20250428_SUBCL_0009	CN VIP GABA CS20250428_SUBCL_0009	CN VIP GABA CS20250428_SUBCL_0009	PCL:0010001	owl:NamedIndividual	BICAN_INDV:CS20250428_CLASS_0001		CS20250428_SUBCL_0009										http://purl.obolibrary.org/obo/PCL_0160137						https://purl.brain-bican.org/taxonomy/CCN20230722/CS20250428_NEIGH_0002.h5ad	h5ad data file for CS20250428_NEIGH_0002	Warning large data file!																					None
BICAN_INDV:CS20250428_GROUP_0047	VIP GABA CS20250428_GROUP_0047	VIP GABA CS20250428_GROUP_0047	PCL:0010001	owl:NamedIndividual	BICAN_INDV:CS20250428_SUBCL_0009	VIP	CS20250428_GROUP_0047										http://purl.obolibrary.org/obo/PCL_0160137						https://purl.brain-bican.org/taxonomy/CCN20230722/CS20250428_NEIGH_0002.h5ad	h5ad data file for CS20250428_NEIGH_0002	Warning large data file!	Interneuron	VIP|GABA	26	#fc2b80	CS20250428_SUBCL_0009	CN|VIP|GABA	24	#1bc06a	CS20250428_CLASS_0001	CN|CGE|GABA	8	#26e8bb	CS20250428_NEIGH_0002	Subpallium|GABA	3	#19613b		Need to Create a PR			None
BICAN_INDV:CS20250428_SUBCL_0002	CN LAMP5-CXCL14 GABA CS20250428_SUBCL_0002	CN LAMP5-CXCL14 GABA CS20250428_SUBCL_0002	PCL:0010001	owl:NamedIndividual	BICAN_INDV:CS20250428_CLASS_0001		CS20250428_SUBCL_0002										http://purl.obolibrary.org/obo/PCL_0160094						https://purl.brain-bican.org/taxonomy/CCN20230722/CS20250428_NEIGH_0002.h5ad	h5ad data file for CS20250428_NEIGH_0002	Warning large data file!																					None
BICAN_INDV:CS20250428_GROUP_0004	LAMP5-CXCL14 GABA CS20250428_GROUP_0004	LAMP5-CXCL14 GABA CS20250428_GROUP_0004	PCL:0010001	owl:NamedIndividual	BICAN_INDV:CS20250428_SUBCL_0002	LAMP5	CS20250428_GROUP_0004										http://purl.obolibrary.org/obo/PCL_0160094						https://purl.brain-bican.org/taxonomy/CCN20230722/CS20250428_NEIGH_0002.h5ad	h5ad data file for CS20250428_NEIGH_0002	Warning large data file!	Interneuron	LAMP5|CXCL14|GABA	27	#f6b5d1	CS20250428_SUBCL_0002	CN|LAMP5|CXCL14|GABA	23	#e5b672	CS20250428_CLASS_0001	CN|CGE|GABA	8	#26e8bb	CS20250428_NEIGH_0002	Subpallium|GABA	3	#19613b					None
BICAN_INDV:CS20250428_CLASS_0005	CN MGE GABA CS20250428_CLASS_0005	CN MGE GABA CS20250428_CLASS_0005	PCL:0010001	owl:NamedIndividual	BICAN_INDV:CS20250428_NEIGH_0002		CS20250428_CLASS_0005										http://purl.obolibrary.org/obo/PCL_0160015						https://purl.brain-bican.org/taxonomy/CCN20230722/CS20250428_NEIGH_0002.h5ad	h5ad data file for CS20250428_NEIGH_0002	Warning large data file!																					None
BICAN_INDV:CS20250428_SUBCL_0033	STR SST-CHODL GABA CS20250428_SUBCL_0033	STR SST-CHODL GABA CS20250428_SUBCL_0033	PCL:0010001	owl:NamedIndividual	BICAN_INDV:CS20250428_CLASS_0005		CS20250428_SUBCL_0033										http://purl.obolibrary.org/obo/PCL_0160133						https://purl.brain-bican.org/taxonomy/CCN20230722/CS20250428_NEIGH_0002.h5ad	h5ad data file for CS20250428_NEIGH_0002	Warning large data file!																					None
BICAN_INDV:CS20250428_GROUP_0043	STR SST-CHODL GABA CS20250428_GROUP_0043	STR SST-CHODL GABA CS20250428_GROUP_0043	PCL:0010001	owl:NamedIndividual	BICAN_INDV:CS20250428_SUBCL_0033	Sst Chodl|LTS	CS20250428_GROUP_0043										http://purl.obolibrary.org/obo/PCL_0160133						https://purl.brain-bican.org/taxonomy/CCN20230722/CS20250428_NEIGH_0002.h5ad	h5ad data file for CS20250428_NEIGH_0002	Warning large data file!	Interneuron	STR|SST|CHODL|GABA	28	#708297	CS20250428_SUBCL_0033	STR|SST|CHODL|GABA	19	#eea495	CS20250428_CLASS_0005	CN|MGE|GABA	7	#ce4c27	CS20250428_NEIGH_0002	Subpallium|GABA	3	#19613b		Need to create a PR			None
BICAN_INDV:CS20250428_SUBCL_0031	STR RSPO2 GABA CS20250428_SUBCL_0031	STR RSPO2 GABA CS20250428_SUBCL_0031	PCL:0010001	owl:NamedIndividual	BICAN_INDV:CS20250428_CLASS_0005		CS20250428_SUBCL_0031										http://purl.obolibrary.org/obo/PCL_0160061						https://purl.brain-bican.org/taxonomy/CCN20230722/CS20250428_NEIGH_0002.h5ad	h5ad data file for CS20250428_NEIGH_0002	Warning large data file!																					None
BICAN_INDV:CS20250428_GROUP_0044	STR SST-RSPO2 GABA CS20250428_GROUP_0044	STR SST-RSPO2 GABA CS20250428_GROUP_0044	PCL:0010001	owl:NamedIndividual	BICAN_INDV:CS20250428_SUBCL_0031		CS20250428_GROUP_0044										http://purl.obolibrary.org/obo/PCL_0160134						https://purl.brain-bican.org/taxonomy/CCN20230722/CS20250428_NEIGH_0002.h5ad	h5ad data file for CS20250428_NEIGH_0002	Warning large data file!	Interneuron	STR|SST|RSPO2|GABA	29	#f3b79b	CS20250428_SUBCL_0031	STR|RSPO2|GABA	21	#5b0e63	CS20250428_CLASS_0005	CN|MGE|GABA	7	#ce4c27	CS20250428_NEIGH_0002	Subpallium|GABA	3	#19613b					None
BICAN_INDV:CS20250428_GROUP_0041	STR LYPD6-RSPO2 GABA CS20250428_GROUP_0041	STR LYPD6-RSPO2 GABA CS20250428_GROUP_0041	PCL:0010001	owl:NamedIndividual	BICAN_INDV:CS20250428_SUBCL_0031		CS20250428_GROUP_0041										http://purl.obolibrary.org/obo/PCL_0160131						https://purl.brain-bican.org/taxonomy/CCN20230722/CS20250428_NEIGH_0002.h5ad	h5ad data file for CS20250428_NEIGH_0002	Warning large data file!	Interneuron	STR|LYPD6|RSPO2|GABA	30	#488edc	CS20250428_SUBCL_0031	STR|RSPO2|GABA	21	#5b0e63	CS20250428_CLASS_0005	CN|MGE|GABA	7	#ce4c27	CS20250428_NEIGH_0002	Subpallium|GABA	3	#19613b					None
BICAN_INDV:CS20250428_SUBCL_0032	STR SST GABA CS20250428_SUBCL_0032	STR SST GABA CS20250428_SUBCL_0032	PCL:0010001	owl:NamedIndividual	BICAN_INDV:CS20250428_CLASS_0005		CS20250428_SUBCL_0032										http://purl.obolibrary.org/obo/PCL_0160132						https://purl.brain-bican.org/taxonomy/CCN20230722/CS20250428_NEIGH_0002.h5ad	h5ad data file for CS20250428_NEIGH_0002	Warning large data file!																					None
BICAN_INDV:CS20250428_GROUP_0042	STR SST-ADARB2 GABA CS20250428_GROUP_0042	STR SST-ADARB2 GABA CS20250428_GROUP_0042	PCL:0010001	owl:NamedIndividual	BICAN_INDV:CS20250428_SUBCL_0032		CS20250428_GROUP_0042										http://purl.obolibrary.org/obo/PCL_0160132						https://purl.brain-bican.org/taxonomy/CCN20230722/CS20250428_NEIGH_0002.h5ad	h5ad data file for CS20250428_NEIGH_0002	Warning large data file!	Interneuron	STR|SST|ADARB2|GABA	31	#fde020	CS20250428_SUBCL_0032	STR|SST|GABA	20	#ed8d40	CS20250428_CLASS_0005	CN|MGE|GABA	7	#ce4c27	CS20250428_NEIGH_0002	Subpallium|GABA	3	#19613b					None
BICAN_INDV:CS20250428_SUBCL_0003	CN LAMP5-LHX6 GABA CS20250428_SUBCL_0003	CN LAMP5-LHX6 GABA CS20250428_SUBCL_0003	PCL:0010001	owl:NamedIndividual	BICAN_INDV:CS20250428_CLASS_0005		CS20250428_SUBCL_0003										http://purl.obolibrary.org/obo/PCL_0160095						https://purl.brain-bican.org/taxonomy/CCN20230722/CS20250428_NEIGH_0002.h5ad	h5ad data file for CS20250428_NEIGH_0002	Warning large data file!																					None
BICAN_INDV:CS20250428_GROUP_0005	LAMP5-LHX6 GABA CS20250428_GROUP_0005	LAMP5-LHX6 GABA CS20250428_GROUP_0005	PCL:0010001	owl:NamedIndividual	BICAN_INDV:CS20250428_SUBCL_0003	LAMP5	CS20250428_GROUP_0005										http://purl.obolibrary.org/obo/PCL_0160095						https://purl.brain-bican.org/taxonomy/CCN20230722/CS20250428_NEIGH_0002.h5ad	h5ad data file for CS20250428_NEIGH_0002	Warning large data file!	Interneuron	LAMP5|LHX6|GABA	32	#00af88	CS20250428_SUBCL_0003	CN|LAMP5|LHX6|GABA	17	#f48d44	CS20250428_CLASS_0005	CN|MGE|GABA	7	#ce4c27	CS20250428_NEIGH_0002	Subpallium|GABA	3	#19613b					None
BICAN_INDV:CS20250428_SUBCL_0008	CN ST18 GABA CS20250428_SUBCL_0008	CN ST18 GABA CS20250428_SUBCL_0008	PCL:0010001	owl:NamedIndividual	BICAN_INDV:CS20250428_CLASS_0005		CS20250428_SUBCL_0008										http://purl.obolibrary.org/obo/PCL_0160038						https://purl.brain-bican.org/taxonomy/CCN20230722/CS20250428_NEIGH_0002.h5ad	h5ad data file for CS20250428_NEIGH_0002	Warning large data file!																					None
BICAN_INDV:CS20250428_GROUP_0040	STR FS PTHLH-PVALB GABA CS20250428_GROUP_0040	STR FS PTHLH-PVALB GABA CS20250428_GROUP_0040	PCL:0010001	owl:NamedIndividual	BICAN_INDV:CS20250428_SUBCL_0008	Pvalb Pthlh|FS	CS20250428_GROUP_0040										http://purl.obolibrary.org/obo/PCL_0160130						https://purl.brain-bican.org/taxonomy/CCN20230722/CS20250428_NEIGH_0002.h5ad	h5ad data file for CS20250428_NEIGH_0002	Warning large data file!	Interneuron	STR|FS|PTHLH|PVALB|GABA	33	#e16c95	CS20250428_SUBCL_0008	CN|ST18|GABA	18	#5fd989	CS20250428_CLASS_0005	CN|MGE|GABA	7	#ce4c27	CS20250428_NEIGH_0002	Subpallium|GABA	3	#19613b					None
BICAN_INDV:CS20250428_GROUP_0045	STR TAC3-PLPP4 GABA CS20250428_GROUP_0045	STR TAC3-PLPP4 GABA CS20250428_GROUP_0045	PCL:0010001	owl:NamedIndividual	BICAN_INDV:CS20250428_SUBCL_0008	LHX6 TAC3	CS20250428_GROUP_0045										http://purl.obolibrary.org/obo/PCL_0160135						https://purl.brain-bican.org/taxonomy/CCN20230722/CS20250428_NEIGH_0002.h5ad	h5ad data file for CS20250428_NEIGH_0002	Warning large data file!	Interneuron	STR|TAC3|PLPP4|GABA	34	#21eef1	CS20250428_SUBCL_0008	CN|ST18|GABA	18	#5fd989	CS20250428_CLASS_0005	CN|MGE|GABA	7	#ce4c27	CS20250428_NEIGH_0002	Subpallium|GABA	3	#19613b					None
BICAN_INDV:CS20250428_GROUP_0046	STR-BF TAC3-PLPP4-LHX8 GABA CS20250428_GROUP_0046	STR-BF TAC3-PLPP4-LHX8 GABA CS20250428_GROUP_0046	PCL:0010001	owl:NamedIndividual	BICAN_INDV:CS20250428_SUBCL_0008		CS20250428_GROUP_0046										http://purl.obolibrary.org/obo/PCL_0160136						https://purl.brain-bican.org/taxonomy/CCN20230722/CS20250428_NEIGH_0002.h5ad	h5ad data file for CS20250428_NEIGH_0002	Warning large data file!	Interneuron	STR|BF|TAC3|PLPP4|LHX8|GABA	35	#9d3b4f	CS20250428_SUBCL_0008	CN|ST18|GABA	18	#5fd989	CS20250428_CLASS_0005	CN|MGE|GABA	7	#ce4c27	CS20250428_NEIGH_0002	Subpallium|GABA	3	#19613b					None
BICAN_INDV:CS20250428_SUBCL_0001	CN Cholinergic GABA CS20250428_SUBCL_0001	CN Cholinergic GABA CS20250428_SUBCL_0001	PCL:0010001	owl:NamedIndividual	BICAN_INDV:CS20250428_CLASS_0005		CS20250428_SUBCL_0001										http://purl.obolibrary.org/obo/PCL_0160031						https://purl.brain-bican.org/taxonomy/CCN20230722/CS20250428_NEIGH_0002.h5ad	h5ad data file for CS20250428_NEIGH_0002	Warning large data file!																					None
BICAN_INDV:CS20250428_GROUP_0003	GPin-BF Cholinergic GABA CS20250428_GROUP_0003	GPin-BF Cholinergic GABA CS20250428_GROUP_0003	PCL:0010001	owl:NamedIndividual	BICAN_INDV:CS20250428_SUBCL_0001		CS20250428_GROUP_0003										http://purl.obolibrary.org/obo/PCL_0160093						https://purl.brain-bican.org/taxonomy/CCN20230722/CS20250428_NEIGH_0002.h5ad	h5ad data file for CS20250428_NEIGH_0002	Warning large data file!	Interneuron	GPin|BF|Cholinergic|GABA	36	#6FC7B2	CS20250428_SUBCL_0001	CN|Cholinergic|GABA	22	#b1f081	CS20250428_CLASS_0005	CN|MGE|GABA	7	#ce4c27	CS20250428_NEIGH_0002	Subpallium|GABA	3	#19613b					None
BICAN_INDV:CS20250428_GROUP_0055	STR Cholinergic GABA CS20250428_GROUP_0055	STR Cholinergic GABA CS20250428_GROUP_0055	PCL:0010001	owl:NamedIndividual	BICAN_INDV:CS20250428_SUBCL_0001		CS20250428_GROUP_0055										http://purl.obolibrary.org/obo/PCL_0160145						https://purl.brain-bican.org/taxonomy/CCN20230722/CS20250428_NEIGH_0002.h5ad	h5ad data file for CS20250428_NEIGH_0002	Warning large data file!	Interneuron	STR|Cholinergic|GABA	37	#8f5ff5	CS20250428_SUBCL_0001	CN|Cholinergic|GABA	22	#b1f081	CS20250428_CLASS_0005	CN|MGE|GABA	7	#ce4c27	CS20250428_NEIGH_0002	Subpallium|GABA	3	#19613b			https://github.com/obophenotype/cell-ontology/issues/3093		None
BICAN_INDV:CS20250428_GROUP_0048	STRd Cholinergic GABA CS20250428_GROUP_0048	STRd Cholinergic GABA CS20250428_GROUP_0048	PCL:0010001	owl:NamedIndividual	BICAN_INDV:CS20250428_SUBCL_0001		CS20250428_GROUP_0048										http://purl.obolibrary.org/obo/PCL_0160138						https://purl.brain-bican.org/taxonomy/CCN20230722/CS20250428_NEIGH_0002.h5ad	h5ad data file for CS20250428_NEIGH_0002	Warning large data file!	Interneuron	STRd|Cholinergic|GABA	38	#a9f266	CS20250428_SUBCL_0001	CN|Cholinergic|GABA	22	#b1f081	CS20250428_CLASS_0005	CN|MGE|GABA	7	#ce4c27	CS20250428_NEIGH_0002	Subpallium|GABA	3	#19613b			https://github.com/obophenotype/cell-ontology/issues/3093		None
BICAN_INDV:CS20250428_NEIGH_0000	Glut Sero Dopa CS20250428_NEIGH_0000	Glut Sero Dopa CS20250428_NEIGH_0000	PCL:0010001	owl:NamedIndividual			CS20250428_NEIGH_0000										http://purl.obolibrary.org/obo/PCL_0160000						https://purl.brain-bican.org/taxonomy/CCN20230722/CS20250428_NEIGH_0000.h5ad	h5ad data file for CS20250428_NEIGH_0000	Warning large data file!																					None
BICAN_INDV:CS20250428_CLASS_0009	M Dopa CS20250428_CLASS_0009	M Dopa CS20250428_CLASS_0009	PCL:0010001	owl:NamedIndividual	BICAN_INDV:CS20250428_NEIGH_0000		CS20250428_CLASS_0009										http://purl.obolibrary.org/obo/PCL_0160055						https://purl.brain-bican.org/taxonomy/CCN20230722/CS20250428_NEIGH_0000.h5ad	h5ad data file for CS20250428_NEIGH_0000	Warning large data file!																					None
BICAN_INDV:CS20250428_SUBCL_0025	M Dopa CS20250428_SUBCL_0025	M Dopa CS20250428_SUBCL_0025	PCL:0010001	owl:NamedIndividual	BICAN_INDV:CS20250428_CLASS_0009		CS20250428_SUBCL_0025										http://purl.obolibrary.org/obo/PCL_0160055						https://purl.brain-bican.org/taxonomy/CCN20230722/CS20250428_NEIGH_0000.h5ad	h5ad data file for CS20250428_NEIGH_0000	Warning large data file!																					None
BICAN_INDV:CS20250428_GROUP_0031	SN-VTR GAD2 Dopa CS20250428_GROUP_0031	SN-VTR GAD2 Dopa CS20250428_GROUP_0031	PCL:0010001	owl:NamedIndividual	BICAN_INDV:CS20250428_SUBCL_0025		CS20250428_GROUP_0031										http://purl.obolibrary.org/obo/PCL_0160121						https://purl.brain-bican.org/taxonomy/CCN20230722/CS20250428_NEIGH_0000.h5ad	h5ad data file for CS20250428_NEIGH_0000	Warning large data file!	Dopaminergic	SN|VTR|GAD2|Dopa	39	#3EC918	CS20250428_SUBCL_0025	M|Dopa	16	#77f0ca	CS20250428_CLASS_0009	M|Dopa	6	#0433b4	CS20250428_NEIGH_0000	Glut|Sero|Dopa	2	#91f4bb					None
BICAN_INDV:CS20250428_GROUP_0035	SN SOX6 Dopa CS20250428_GROUP_0035	SN SOX6 Dopa CS20250428_GROUP_0035	PCL:0010001	owl:NamedIndividual	BICAN_INDV:CS20250428_SUBCL_0025		CS20250428_GROUP_0035										http://purl.obolibrary.org/obo/PCL_0160125						https://purl.brain-bican.org/taxonomy/CCN20230722/CS20250428_NEIGH_0000.h5ad	h5ad data file for CS20250428_NEIGH_0000	Warning large data file!	Dopaminergic	SN|SOX6|Dopa	40	#D7AAE4	CS20250428_SUBCL_0025	M|Dopa	16	#77f0ca	CS20250428_CLASS_0009	M|Dopa	6	#0433b4	CS20250428_NEIGH_0000	Glut|Sero|Dopa	2	#91f4bb					None
BICAN_INDV:CS20250428_GROUP_0029	SN-VTR CALB1 Dopa CS20250428_GROUP_0029	SN-VTR CALB1 Dopa CS20250428_GROUP_0029	PCL:0010001	owl:NamedIndividual	BICAN_INDV:CS20250428_SUBCL_0025		CS20250428_GROUP_0029										http://purl.obolibrary.org/obo/PCL_0160119						https://purl.brain-bican.org/taxonomy/CCN20230722/CS20250428_NEIGH_0000.h5ad	h5ad data file for CS20250428_NEIGH_0000	Warning large data file!	Dopaminergic	SN|VTR|CALB1|Dopa	41	#854098	CS20250428_SUBCL_0025	M|Dopa	16	#77f0ca	CS20250428_CLASS_0009	M|Dopa	6	#0433b4	CS20250428_NEIGH_0000	Glut|Sero|Dopa	2	#91f4bb				PR 2579	None
BICAN_INDV:CS20250428_CLASS_0007	F M Glut CS20250428_CLASS_0007	F M Glut CS20250428_CLASS_0007	PCL:0010001	owl:NamedIndividual	BICAN_INDV:CS20250428_NEIGH_0000		CS20250428_CLASS_0007										http://purl.obolibrary.org/obo/PCL_0160017						https://purl.brain-bican.org/taxonomy/CCN20230722/CS20250428_NEIGH_0000.h5ad	h5ad data file for CS20250428_NEIGH_0000	Warning large data file!																					None
BICAN_INDV:CS20250428_SUBCL_0013	F Glut CS20250428_SUBCL_0013	F Glut CS20250428_SUBCL_0013	PCL:0010001	owl:NamedIndividual	BICAN_INDV:CS20250428_CLASS_0007		CS20250428_SUBCL_0013										http://purl.obolibrary.org/obo/PCL_0160043						https://purl.brain-bican.org/taxonomy/CCN20230722/CS20250428_NEIGH_0000.h5ad	h5ad data file for CS20250428_NEIGH_0000	Warning large data file!																					None
BICAN_INDV:CS20250428_GROUP_0008	BF SKOR1 Glut CS20250428_GROUP_0008	BF SKOR1 Glut CS20250428_GROUP_0008	PCL:0010001	owl:NamedIndividual	BICAN_INDV:CS20250428_SUBCL_0013		CS20250428_GROUP_0008										http://purl.obolibrary.org/obo/PCL_0160098						https://purl.brain-bican.org/taxonomy/CCN20230722/CS20250428_NEIGH_0000.h5ad	h5ad data file for CS20250428_NEIGH_0000	Warning large data file!	Interneuron	BF|SKOR1|Glut	42	#eb0077	CS20250428_SUBCL_0013	F|Glut	14	#39e1e2	CS20250428_CLASS_0007	F|M|Glut	5	#7d0f09	CS20250428_NEIGH_0000	Glut|Sero|Dopa	2	#91f4bb			PR 2771	PR 2579	None
BICAN_INDV:CS20250428_SUBCL_0017	F M Glut CS20250428_SUBCL_0017	F M Glut CS20250428_SUBCL_0017	PCL:0010001	owl:NamedIndividual	BICAN_INDV:CS20250428_CLASS_0007		CS20250428_SUBCL_0017										http://purl.obolibrary.org/obo/PCL_0160154						https://purl.brain-bican.org/taxonomy/CCN20230722/CS20250428_NEIGH_0000.h5ad	h5ad data file for CS20250428_NEIGH_0000	Warning large data file!																					None
BICAN_INDV:CS20250428_GROUP_0064	VTR-HTH Glut CS20250428_GROUP_0064	VTR-HTH Glut CS20250428_GROUP_0064	PCL:0010001	owl:NamedIndividual	BICAN_INDV:CS20250428_SUBCL_0017		CS20250428_GROUP_0064										http://purl.obolibrary.org/obo/PCL_0160154						https://purl.brain-bican.org/taxonomy/CCN20230722/CS20250428_NEIGH_0000.h5ad	h5ad data file for CS20250428_NEIGH_0000	Warning large data file!	Interneuron	VTR|HTH|Glut	43	#54621f	CS20250428_SUBCL_0017	F|M|Glut	15	#66750b	CS20250428_CLASS_0007	F|M|Glut	5	#7d0f09	CS20250428_NEIGH_0000	Glut|Sero|Dopa	2	#91f4bb			PR 2771	PR 2579	None
BICAN_INDV:CS20250428_GROUP_0038	STH PVALB-PITX2 Glut CS20250428_GROUP_0038	STH PVALB-PITX2 Glut CS20250428_GROUP_0038	PCL:0010001	owl:NamedIndividual	BICAN_INDV:CS20250428_SUBCL_0013		CS20250428_GROUP_0038										http://purl.obolibrary.org/obo/PCL_0160128						https://purl.brain-bican.org/taxonomy/CCN20230722/CS20250428_NEIGH_0000.h5ad	h5ad data file for CS20250428_NEIGH_0000	Warning large data file!	Interneuron	STH|PVALB|PITX2|Glut	44	#f57e20	CS20250428_SUBCL_0013	F|Glut	14	#39e1e2	CS20250428_CLASS_0007	F|M|Glut	5	#7d0f09	CS20250428_NEIGH_0000	Glut|Sero|Dopa	2	#91f4bb			PR 2771	PR 2579	None
BICAN_INDV:CS20250428_NEIGH_0001	Nonneuron CS20250428_NEIGH_0001	Nonneuron CS20250428_NEIGH_0001	PCL:0010001	owl:NamedIndividual			CS20250428_NEIGH_0001										http://purl.obolibrary.org/obo/PCL_0160001						https://purl.brain-bican.org/taxonomy/CCN20230722/CS20250428_NEIGH_0001.h5ad	h5ad data file for CS20250428_NEIGH_0001	Warning large data file!																					None
BICAN_INDV:CS20250428_CLASS_0010	OPC-Oligo CS20250428_CLASS_0010	OPC-Oligo CS20250428_CLASS_0010	PCL:0010001	owl:NamedIndividual	BICAN_INDV:CS20250428_NEIGH_0001		CS20250428_CLASS_0010										http://purl.obolibrary.org/obo/PCL_0160020						https://purl.brain-bican.org/taxonomy/CCN20230722/CS20250428_NEIGH_0001.h5ad	h5ad data file for CS20250428_NEIGH_0001	Warning large data file!																					None
BICAN_INDV:CS20250428_SUBCL_0020	OPC CS20250428_SUBCL_0020	OPC CS20250428_SUBCL_0020	PCL:0010001	owl:NamedIndividual	BICAN_INDV:CS20250428_CLASS_0010		CS20250428_SUBCL_0020										http://purl.obolibrary.org/obo/PCL_0160113						https://purl.brain-bican.org/taxonomy/CCN20230722/CS20250428_NEIGH_0001.h5ad	h5ad data file for CS20250428_NEIGH_0001	Warning large data file!																					None
BICAN_INDV:CS20250428_GROUP_0023	OPC CS20250428_GROUP_0023	OPC CS20250428_GROUP_0023	PCL:0010001	owl:NamedIndividual	BICAN_INDV:CS20250428_SUBCL_0020		CS20250428_GROUP_0023										http://purl.obolibrary.org/obo/PCL_0160113						https://purl.brain-bican.org/taxonomy/CCN20230722/CS20250428_NEIGH_0001.h5ad	h5ad data file for CS20250428_NEIGH_0001	Warning large data file!	Nonneuron	OPC	45	#f5e689	CS20250428_SUBCL_0020	OPC	8	#f5e689	CS20250428_CLASS_0010	OPC|Oligo	3	#594a26	CS20250428_NEIGH_0001	Nonneuron	1	#a8afa5					None
BICAN_INDV:CS20250428_SUBCL_0010	COP CS20250428_SUBCL_0010	COP CS20250428_SUBCL_0010	PCL:0010001	owl:NamedIndividual	BICAN_INDV:CS20250428_CLASS_0010		CS20250428_SUBCL_0010										http://purl.obolibrary.org/obo/PCL_0160099						https://purl.brain-bican.org/taxonomy/CCN20230722/CS20250428_NEIGH_0001.h5ad	h5ad data file for CS20250428_NEIGH_0001	Warning large data file!																					None
BICAN_INDV:CS20250428_GROUP_0009	COP CS20250428_GROUP_0009	COP CS20250428_GROUP_0009	PCL:0010001	owl:NamedIndividual	BICAN_INDV:CS20250428_SUBCL_0010		CS20250428_GROUP_0009										http://purl.obolibrary.org/obo/PCL_0160099						https://purl.brain-bican.org/taxonomy/CCN20230722/CS20250428_NEIGH_0001.h5ad	h5ad data file for CS20250428_NEIGH_0001	Warning large data file!	Nonneuron	COP	46	#CCA43D	CS20250428_SUBCL_0010	COP	9	#CCA43D	CS20250428_CLASS_0010	OPC|Oligo	3	#594a26	CS20250428_NEIGH_0001	Nonneuron	1	#a8afa5					None
BICAN_INDV:CS20250428_SUBCL_0022	Oligodendrocyte CS20250428_SUBCL_0022	Oligodendrocyte CS20250428_SUBCL_0022	PCL:0010001	owl:NamedIndividual	BICAN_INDV:CS20250428_CLASS_0010		CS20250428_SUBCL_0022										http://purl.obolibrary.org/obo/PCL_0160052						https://purl.brain-bican.org/taxonomy/CCN20230722/CS20250428_NEIGH_0001.h5ad	h5ad data file for CS20250428_NEIGH_0001	Warning large data file!																					None
BICAN_INDV:CS20250428_GROUP_0018	ImOligo CS20250428_GROUP_0018	ImOligo CS20250428_GROUP_0018	PCL:0010001	owl:NamedIndividual	BICAN_INDV:CS20250428_SUBCL_0022		CS20250428_GROUP_0018										http://purl.obolibrary.org/obo/PCL_0160108						https://purl.brain-bican.org/taxonomy/CCN20230722/CS20250428_NEIGH_0001.h5ad	h5ad data file for CS20250428_NEIGH_0001	Warning large data file!	Nonneuron	ImOligo	47	#CC915C	CS20250428_SUBCL_0022	Oligodendrocyte	7	#594a26	CS20250428_CLASS_0010	OPC|Oligo	3	#594a26	CS20250428_NEIGH_0001	Nonneuron	1	#a8afa5					None
BICAN_INDV:CS20250428_GROUP_0026	Oligo PLEKHG1 CS20250428_GROUP_0026	Oligo PLEKHG1 CS20250428_GROUP_0026	PCL:0010001	owl:NamedIndividual	BICAN_INDV:CS20250428_SUBCL_0022		CS20250428_GROUP_0026										http://purl.obolibrary.org/obo/PCL_0160116						https://purl.brain-bican.org/taxonomy/CCN20230722/CS20250428_NEIGH_0001.h5ad	h5ad data file for CS20250428_NEIGH_0001	Warning large data file!	Nonneuron	Oligo|PLEKHG1	48	#594a26	CS20250428_SUBCL_0022	Oligodendrocyte	7	#594a26	CS20250428_CLASS_0010	OPC|Oligo	3	#594a26	CS20250428_NEIGH_0001	Nonneuron	1	#a8afa5					None
BICAN_INDV:CS20250428_GROUP_0025	Oligo OPALIN CS20250428_GROUP_0025	Oligo OPALIN CS20250428_GROUP_0025	PCL:0010001	owl:NamedIndividual	BICAN_INDV:CS20250428_SUBCL_0022		CS20250428_GROUP_0025										http://purl.obolibrary.org/obo/PCL_0160115						https://purl.brain-bican.org/taxonomy/CCN20230722/CS20250428_NEIGH_0001.h5ad	h5ad data file for CS20250428_NEIGH_0001	Warning large data file!	Nonneuron	Oligo|OPALIN	49	#66391F	CS20250428_SUBCL_0022	Oligodendrocyte	7	#594a26	CS20250428_CLASS_0010	OPC|Oligo	3	#594a26	CS20250428_NEIGH_0001	Nonneuron	1	#a8afa5					None
BICAN_INDV:CS20250428_CLASS_0000	Astro-Epen CS20250428_CLASS_0000	Astro-Epen CS20250428_CLASS_0000	PCL:0010001	owl:NamedIndividual	BICAN_INDV:CS20250428_NEIGH_0001		CS20250428_CLASS_0000										http://purl.obolibrary.org/obo/PCL_0160010						https://purl.brain-bican.org/taxonomy/CCN20230722/CS20250428_NEIGH_0001.h5ad	h5ad data file for CS20250428_NEIGH_0001	Warning large data file!																					None
BICAN_INDV:CS20250428_SUBCL_0000	Astrocyte Subclass CS20250428_SUBCL_0000	Astrocyte Subclass CS20250428_SUBCL_0000	PCL:0010001	owl:NamedIndividual	BICAN_INDV:CS20250428_CLASS_0000		CS20250428_SUBCL_0000										http://purl.obolibrary.org/obo/PCL_0160030						https://purl.brain-bican.org/taxonomy/CCN20230722/CS20250428_NEIGH_0001.h5ad	h5ad data file for CS20250428_NEIGH_0001	Warning large data file!																					None
BICAN_INDV:CS20250428_GROUP_0017	ImAstro CS20250428_GROUP_0017	ImAstro CS20250428_GROUP_0017	PCL:0010001	owl:NamedIndividual	BICAN_INDV:CS20250428_SUBCL_0000		CS20250428_GROUP_0017										http://purl.obolibrary.org/obo/PCL_0160107						https://purl.brain-bican.org/taxonomy/CCN20230722/CS20250428_NEIGH_0001.h5ad	h5ad data file for CS20250428_NEIGH_0001	Warning large data file!	Nonneuron	ImAstro	50	#401e66	CS20250428_SUBCL_0000	Astrocyte	1	#401e66	CS20250428_CLASS_0000	Astro|Epen	1	#401e66	CS20250428_NEIGH_0001	Nonneuron	1	#a8afa5					None
BICAN_INDV:CS20250428_GROUP_0039	Astrocyte CS20250428_GROUP_0039	Astrocyte CS20250428_GROUP_0039	PCL:0010001	owl:NamedIndividual	BICAN_INDV:CS20250428_SUBCL_0000		CS20250428_GROUP_0039										http://purl.obolibrary.org/obo/PCL_0160129						https://purl.brain-bican.org/taxonomy/CCN20230722/CS20250428_NEIGH_0001.h5ad	h5ad data file for CS20250428_NEIGH_0001	Warning large data file!	Nonneuron	Astrocyte	51	#195f8d	CS20250428_SUBCL_0000	Astrocyte	1	#401e66	CS20250428_CLASS_0000	Astro|Epen	1	#401e66	CS20250428_NEIGH_0001	Nonneuron	1	#a8afa5					None
BICAN_INDV:CS20250428_SUBCL_0012	Ependymal CS20250428_SUBCL_0012	Ependymal CS20250428_SUBCL_0012	PCL:0010001	owl:NamedIndividual	BICAN_INDV:CS20250428_CLASS_0000		CS20250428_SUBCL_0012										http://purl.obolibrary.org/obo/PCL_0160102						https://purl.brain-bican.org/taxonomy/CCN20230722/CS20250428_NEIGH_0001.h5ad	h5ad data file for CS20250428_NEIGH_0001	Warning large data file!																					None
BICAN_INDV:CS20250428_GROUP_0012	Ependymal CS20250428_GROUP_0012	Ependymal CS20250428_GROUP_0012	PCL:0010001	owl:NamedIndividual	BICAN_INDV:CS20250428_SUBCL_0012		CS20250428_GROUP_0012										http://purl.obolibrary.org/obo/PCL_0160102						https://purl.brain-bican.org/taxonomy/CCN20230722/CS20250428_NEIGH_0001.h5ad	h5ad data file for CS20250428_NEIGH_0001	Warning large data file!	Nonneuron	Ependymal	52	#564860	CS20250428_SUBCL_0012	Ependymal	2	#564860	CS20250428_CLASS_0000	Astro|Epen	1	#401e66	CS20250428_NEIGH_0001	Nonneuron	1	#a8afa5					None
BICAN_INDV:CS20250428_CLASS_0008	Immune CS20250428_CLASS_0008	Immune CS20250428_CLASS_0008	PCL:0010001	owl:NamedIndividual	BICAN_INDV:CS20250428_NEIGH_0001		CS20250428_CLASS_0008										http://purl.obolibrary.org/obo/PCL_0160018						https://purl.brain-bican.org/taxonomy/CCN20230722/CS20250428_NEIGH_0001.h5ad	h5ad data file for CS20250428_NEIGH_0001	Warning large data file!																					None
BICAN_INDV:CS20250428_SUBCL_0019	Microglia CS20250428_SUBCL_0019	Microglia CS20250428_SUBCL_0019	PCL:0010001	owl:NamedIndividual	BICAN_INDV:CS20250428_CLASS_0008		CS20250428_SUBCL_0019										http://purl.obolibrary.org/obo/PCL_0160109						https://purl.brain-bican.org/taxonomy/CCN20230722/CS20250428_NEIGH_0001.h5ad	h5ad data file for CS20250428_NEIGH_0001	Warning large data file!																					None
BICAN_INDV:CS20250428_GROUP_0019	Microglia CS20250428_GROUP_0019	Microglia CS20250428_GROUP_0019	PCL:0010001	owl:NamedIndividual	BICAN_INDV:CS20250428_SUBCL_0019		CS20250428_GROUP_0019										http://purl.obolibrary.org/obo/PCL_0160109						https://purl.brain-bican.org/taxonomy/CCN20230722/CS20250428_NEIGH_0001.h5ad	h5ad data file for CS20250428_NEIGH_0001	Warning large data file!	Nonneuron	Microglia	53	#995C60	CS20250428_SUBCL_0019	Microglia	3	#995C60	CS20250428_CLASS_0008	Immune	2	#995C60	CS20250428_NEIGH_0001	Nonneuron	1	#a8afa5					None
BICAN_INDV:CS20250428_SUBCL_0018	Macrophage CS20250428_SUBCL_0018	Macrophage CS20250428_SUBCL_0018	PCL:0010001	owl:NamedIndividual	BICAN_INDV:CS20250428_CLASS_0008		CS20250428_SUBCL_0018										http://purl.obolibrary.org/obo/PCL_0160091						https://purl.brain-bican.org/taxonomy/CCN20230722/CS20250428_NEIGH_0001.h5ad	h5ad data file for CS20250428_NEIGH_0001	Warning large data file!																					None
BICAN_INDV:CS20250428_GROUP_0001	BAM CS20250428_GROUP_0001	BAM CS20250428_GROUP_0001	PCL:0010001	owl:NamedIndividual	BICAN_INDV:CS20250428_SUBCL_0018	BAM	CS20250428_GROUP_0001										http://purl.obolibrary.org/obo/PCL_0160091						https://purl.brain-bican.org/taxonomy/CCN20230722/CS20250428_NEIGH_0001.h5ad	h5ad data file for CS20250428_NEIGH_0001	Warning large data file!	Nonneuron	BAM	54	#CC887A	CS20250428_SUBCL_0018	Macrophage	4	#CC887A	CS20250428_CLASS_0008	Immune	2	#995C60	CS20250428_NEIGH_0001	Nonneuron	1	#a8afa5	Border-associated macrophages				None
BICAN_INDV:CS20250428_SUBCL_0038	Monocyte CS20250428_SUBCL_0038	Monocyte CS20250428_SUBCL_0038	PCL:0010001	owl:NamedIndividual	BICAN_INDV:CS20250428_CLASS_0008		CS20250428_SUBCL_0038										http://purl.obolibrary.org/obo/PCL_0160112						https://purl.brain-bican.org/taxonomy/CCN20230722/CS20250428_NEIGH_0001.h5ad	h5ad data file for CS20250428_NEIGH_0001	Warning large data file!																					None
BICAN_INDV:CS20250428_GROUP_0022	Monocyte CS20250428_GROUP_0022	Monocyte CS20250428_GROUP_0022	PCL:0010001	owl:NamedIndividual	BICAN_INDV:CS20250428_SUBCL_0038		CS20250428_GROUP_0022										http://purl.obolibrary.org/obo/PCL_0160112						https://purl.brain-bican.org/taxonomy/CCN20230722/CS20250428_NEIGH_0001.h5ad	h5ad data file for CS20250428_NEIGH_0001	Warning large data file!	Nonneuron	Monocyte	55	#C3CC7A	CS20250428_SUBCL_0038	Monocyte	6	#C3CC7A	CS20250428_CLASS_0008	Immune	2	#995C60	CS20250428_NEIGH_0001	Nonneuron	1	#a8afa5					None
BICAN_INDV:CS20250428_SUBCL_0015	Lymphocyte CS20250428_SUBCL_0015	Lymphocyte CS20250428_SUBCL_0015	PCL:0010001	owl:NamedIndividual	BICAN_INDV:CS20250428_CLASS_0008		CS20250428_SUBCL_0015										http://purl.obolibrary.org/obo/PCL_0160045						https://purl.brain-bican.org/taxonomy/CCN20230722/CS20250428_NEIGH_0001.h5ad	h5ad data file for CS20250428_NEIGH_0001	Warning large data file!																					None
BICAN_INDV:CS20250428_GROUP_0000	B cells CS20250428_GROUP_0000	B cells CS20250428_GROUP_0000	PCL:0010001	owl:NamedIndividual	BICAN_INDV:CS20250428_SUBCL_0015		CS20250428_GROUP_0000										http://purl.obolibrary.org/obo/PCL_0160090						https://purl.brain-bican.org/taxonomy/CCN20230722/CS20250428_NEIGH_0001.h5ad	h5ad data file for CS20250428_NEIGH_0001	Warning large data file!	Nonneuron	B cells	56	#999517	CS20250428_SUBCL_0015	Lymphocyte	5	#5A662E	CS20250428_CLASS_0008	Immune	2	#995C60	CS20250428_NEIGH_0001	Nonneuron	1	#a8afa5					None
BICAN_INDV:CS20250428_GROUP_0059	T cells CS20250428_GROUP_0059	T cells CS20250428_GROUP_0059	PCL:0010001	owl:NamedIndividual	BICAN_INDV:CS20250428_SUBCL_0015		CS20250428_GROUP_0059										http://purl.obolibrary.org/obo/PCL_0160149						https://purl.brain-bican.org/taxonomy/CCN20230722/CS20250428_NEIGH_0001.h5ad	h5ad data file for CS20250428_NEIGH_0001	Warning large data file!	Nonneuron	T cells	57	#5A662E	CS20250428_SUBCL_0015	Lymphocyte	5	#5A662E	CS20250428_CLASS_0008	Immune	2	#995C60	CS20250428_NEIGH_0001	Nonneuron	1	#a8afa5					None
BICAN_INDV:CS20250428_CLASS_0011	Vascular CS20250428_CLASS_0011	Vascular CS20250428_CLASS_0011	PCL:0010001	owl:NamedIndividual	BICAN_INDV:CS20250428_NEIGH_0001		CS20250428_CLASS_0011										http://purl.obolibrary.org/obo/PCL_0160021						https://purl.brain-bican.org/taxonomy/CCN20230722/CS20250428_NEIGH_0001.h5ad	h5ad data file for CS20250428_NEIGH_0001	Warning large data file!																					None
BICAN_INDV:CS20250428_SUBCL_0035	VLMC CS20250428_SUBCL_0035	VLMC CS20250428_SUBCL_0035	PCL:0010001	owl:NamedIndividual	BICAN_INDV:CS20250428_CLASS_0011		CS20250428_SUBCL_0035										http://purl.obolibrary.org/obo/PCL_0160152						https://purl.brain-bican.org/taxonomy/CCN20230722/CS20250428_NEIGH_0001.h5ad	h5ad data file for CS20250428_NEIGH_0001	Warning large data file!																					None
BICAN_INDV:CS20250428_GROUP_0062	VLMC CS20250428_GROUP_0062	VLMC CS20250428_GROUP_0062	PCL:0010001	owl:NamedIndividual	BICAN_INDV:CS20250428_SUBCL_0035		CS20250428_GROUP_0062										http://purl.obolibrary.org/obo/PCL_0160152						https://purl.brain-bican.org/taxonomy/CCN20230722/CS20250428_NEIGH_0001.h5ad	h5ad data file for CS20250428_NEIGH_0001	Warning large data file!	Nonneuron	VLMC	58	#a8afa5	CS20250428_SUBCL_0035	VLMC	13	#a8afa5	CS20250428_CLASS_0011	Vascular	4	#a8afa5	CS20250428_NEIGH_0001	Nonneuron	1	#a8afa5					None
BICAN_INDV:CS20250428_SUBCL_0024	SMC CS20250428_SUBCL_0024	SMC CS20250428_SUBCL_0024	PCL:0010001	owl:NamedIndividual	BICAN_INDV:CS20250428_CLASS_0011		CS20250428_SUBCL_0024										http://purl.obolibrary.org/obo/PCL_0160118						https://purl.brain-bican.org/taxonomy/CCN20230722/CS20250428_NEIGH_0001.h5ad	h5ad data file for CS20250428_NEIGH_0001	Warning large data file!																					None
BICAN_INDV:CS20250428_GROUP_0028	SMC CS20250428_GROUP_0028	SMC CS20250428_GROUP_0028	PCL:0010001	owl:NamedIndividual	BICAN_INDV:CS20250428_SUBCL_0024		CS20250428_GROUP_0028										http://purl.obolibrary.org/obo/PCL_0160118						https://purl.brain-bican.org/taxonomy/CCN20230722/CS20250428_NEIGH_0001.h5ad	h5ad data file for CS20250428_NEIGH_0001	Warning large data file!	Nonneuron	SMC	59	#858881	CS20250428_SUBCL_0024	SMC	12	#858881	CS20250428_CLASS_0011	Vascular	4	#a8afa5	CS20250428_NEIGH_0001	Nonneuron	1	#a8afa5					None
BICAN_INDV:CS20250428_SUBCL_0023	Pericyte CS20250428_SUBCL_0023	Pericyte CS20250428_SUBCL_0023	PCL:0010001	owl:NamedIndividual	BICAN_INDV:CS20250428_CLASS_0011		CS20250428_SUBCL_0023										http://purl.obolibrary.org/obo/PCL_0160117						https://purl.brain-bican.org/taxonomy/CCN20230722/CS20250428_NEIGH_0001.h5ad	h5ad data file for CS20250428_NEIGH_0001	Warning large data file!																					None
BICAN_INDV:CS20250428_GROUP_0027	Pericyte CS20250428_GROUP_0027	Pericyte CS20250428_GROUP_0027	PCL:0010001	owl:NamedIndividual	BICAN_INDV:CS20250428_SUBCL_0023		CS20250428_GROUP_0027										http://purl.obolibrary.org/obo/PCL_0160117						https://purl.brain-bican.org/taxonomy/CCN20230722/CS20250428_NEIGH_0001.h5ad	h5ad data file for CS20250428_NEIGH_0001	Warning large data file!	Nonneuron	Pericyte	60	#B97300	CS20250428_SUBCL_0023	Pericyte	11	#B97300	CS20250428_CLASS_0011	Vascular	4	#a8afa5	CS20250428_NEIGH_0001	Nonneuron	1	#a8afa5					None
BICAN_INDV:CS20250428_SUBCL_0011	Endo CS20250428_SUBCL_0011	Endo CS20250428_SUBCL_0011	PCL:0010001	owl:NamedIndividual	BICAN_INDV:CS20250428_CLASS_0011		CS20250428_SUBCL_0011										http://purl.obolibrary.org/obo/PCL_0160101						https://purl.brain-bican.org/taxonomy/CCN20230722/CS20250428_NEIGH_0001.h5ad	h5ad data file for CS20250428_NEIGH_0001	Warning large data file!																					None
BICAN_INDV:CS20250428_GROUP_0011	Endo CS20250428_GROUP_0011	Endo CS20250428_GROUP_0011	PCL:0010001	owl:NamedIndividual	BICAN_INDV:CS20250428_SUBCL_0011		CS20250428_GROUP_0011										http://purl.obolibrary.org/obo/PCL_0160101						https://purl.brain-bican.org/taxonomy/CCN20230722/CS20250428_NEIGH_0001.h5ad	h5ad data file for CS20250428_NEIGH_0001	Warning large data file!	Nonneuron	Endo	61	#66493D	CS20250428_SUBCL_0011	Endo	10	#66493D	CS20250428_CLASS_0011	Vascular	4	#a8afa5	CS20250428_NEIGH_0001	Nonneuron	1	#a8afa5					None
