defined_class	prefLabel	Taxonomy_label	Synonyms_from_taxonomy	Gross_cell_type	Taxon	Taxon_abbv	Brain_region	Cluster_IDs	Labelset	Dataset_url	Alias_citations	Short_form_citation	Minimal_markers	Allen_markers	Brain_region_abbv	Species_abbv	Individuals	part_of	has_soma_location	aligned_alias	CL	NT	NT_markers	MBA_assay	Subclass_markers	Matrix_url	Class_name	Parent_label	NT_label	Nomenclature_Layers	Nomenclature_Projection	evidence_marker_gene_set	marker_gene_set	marker_gene_set_confidence	ws_marker_gene_set	ws_marker_gene_set_confidence	nsforest_marker_gene_set_1	nsforest_marker_gene_set_1_confidence	nsforest_marker_gene_set_2	nsforest_marker_gene_set_2_confidence	MBA	MBA_text	Location_disclaimer	NT_disclaimer	Atlas_url	Atlas_url_label
http://purl.obolibrary.org/obo/PCL_0160002	Subpallium GABA	Subpallium GABA	Subpallium GABA		NCBITaxon:9606	Hsap	DHBA:10332	CS20250428_NEIGH_0002	Neighborhood	https://purl.brain-bican.org/taxonomy/CCN20230722	https://doi.org/10.1038/s41586-023-06812-z	Yao et al. (2023), Whole Mouse Brain			BG	Human	https://purl.brain-bican.org/taxonomy/CCN20250428/CS20250428_NEIGH_0002		DHBA:10332					EFO:0008992		https://purl.brain-bican.org/taxonomy/CCN20230722/CS20250428_NEIGH_0002.h5ad	CS20250428_NEIGH_0002																			
http://purl.obolibrary.org/obo/PCL_0160013	CN LGE GABA	CN LGE GABA	CN LGE GABA		NCBITaxon:9606	Hsap	DHBA:10332	CS20250428_CLASS_0003	Class	https://purl.brain-bican.org/taxonomy/CCN20230722	https://doi.org/10.1038/s41586-023-06812-z	Yao et al. (2023), Whole Mouse Brain			BG	Human	https://purl.brain-bican.org/taxonomy/CCN20250428/CS20250428_CLASS_0003		DHBA:10332					EFO:0008992		https://purl.brain-bican.org/taxonomy/CCN20230722/CS20250428_NEIGH_0002.h5ad	CS20250428_NEIGH_0002	Subpallium GABA																		
http://purl.obolibrary.org/obo/PCL_0160058	STR D1 MSN	STR D1 MSN	STR D1 MSN	CL:4023026	NCBITaxon:9606	Hsap	DHBA:10332	CS20250428_SUBCL_0028	Subclass	https://purl.brain-bican.org/taxonomy/CCN20230722	https://doi.org/10.1038/s41586-023-06812-z	Yao et al. (2023), Whole Mouse Brain			BG	Human	https://purl.brain-bican.org/taxonomy/CCN20250428/CS20250428_SUBCL_0028		DHBA:10332		CL:4023026			EFO:0008992		https://purl.brain-bican.org/taxonomy/CCN20230722/CS20250428_NEIGH_0002.h5ad	CS20250428_NEIGH_0002	CN LGE GABA																		
http://purl.obolibrary.org/obo/PCL_0160139	STRd D1 Matrix MSN	STRd D1 Matrix MSN	D1-Matrix|STRd D1 Matrix MSN	CL:4030043	NCBITaxon:9606	Hsap	DHBA:10332	CS20250428_GROUP_0049	Group	https://purl.brain-bican.org/taxonomy/CCN20230722	https://doi.org/10.1038/s41586-023-06812-z|https://doi.org/10.1016/j.cub.2021.10.015	Yao et al. (2023), Whole Mouse Brain			BG	Human	https://purl.brain-bican.org/taxonomy/CCN20250428/CS20250428_GROUP_0049		DHBA:10332		CL:4030043			EFO:0008992		https://purl.brain-bican.org/taxonomy/CCN20230722/CS20250428_NEIGH_0002.h5ad	CS20250428_NEIGH_0002	STR D1 MSN				http://purl.obolibrary.org/obo/PCL_0160949														
http://purl.obolibrary.org/obo/PCL_0160140	STRd D1 Striosome MSN	STRd D1 Striosome MSN	D1-Striosome|STRd D1 Striosome MSN	CL:4030048	NCBITaxon:9606	Hsap	DHBA:10332	CS20250428_GROUP_0050	Group	https://purl.brain-bican.org/taxonomy/CCN20230722	https://doi.org/10.1038/s41586-023-06812-z|https://doi.org/10.1016/j.cub.2021.10.015	Yao et al. (2023), Whole Mouse Brain			BG	Human	https://purl.brain-bican.org/taxonomy/CCN20250428/CS20250428_GROUP_0050		DHBA:10332		CL:4030048			EFO:0008992		https://purl.brain-bican.org/taxonomy/CCN20230722/CS20250428_NEIGH_0002.h5ad	CS20250428_NEIGH_0002	STR D1 MSN				http://purl.obolibrary.org/obo/PCL_0160950														
http://purl.obolibrary.org/obo/PCL_0160059	STR D2 MSN	STR D2 MSN	STR D2 MSN	CL:4023029	NCBITaxon:9606	Hsap	DHBA:10332	CS20250428_SUBCL_0029	Subclass	https://purl.brain-bican.org/taxonomy/CCN20230722	https://doi.org/10.1038/s41586-023-06812-z	Yao et al. (2023), Whole Mouse Brain			BG	Human	https://purl.brain-bican.org/taxonomy/CCN20250428/CS20250428_SUBCL_0029		DHBA:10332		CL:4023029			EFO:0008992		https://purl.brain-bican.org/taxonomy/CCN20230722/CS20250428_NEIGH_0002.h5ad	CS20250428_NEIGH_0002	CN LGE GABA																		
http://purl.obolibrary.org/obo/PCL_0160142	STRd D2 Matrix MSN	STRd D2 Matrix MSN	D2-Matrix|STRd D2 Matrix MSN	CL:4030047	NCBITaxon:9606	Hsap	DHBA:10332	CS20250428_GROUP_0052	Group	https://purl.brain-bican.org/taxonomy/CCN20230722	https://doi.org/10.1038/s41586-023-06812-z|https://doi.org/10.1016/j.cub.2021.10.015	Yao et al. (2023), Whole Mouse Brain			BG	Human	https://purl.brain-bican.org/taxonomy/CCN20250428/CS20250428_GROUP_0052		DHBA:10332		CL:4030047			EFO:0008992		https://purl.brain-bican.org/taxonomy/CCN20230722/CS20250428_NEIGH_0002.h5ad	CS20250428_NEIGH_0002	STR D2 MSN				http://purl.obolibrary.org/obo/PCL_0160952														
http://purl.obolibrary.org/obo/PCL_0160144	STRd D2 Striosome MSN	STRd D2 Striosome MSN	D2-Striosome|STRd D2 Striosome MSN	CL:4030049	NCBITaxon:9606	Hsap	DHBA:10332	CS20250428_GROUP_0054	Group	https://purl.brain-bican.org/taxonomy/CCN20230722	https://doi.org/10.1038/s41586-023-06812-z|https://doi.org/10.1016/j.cub.2021.10.015	Yao et al. (2023), Whole Mouse Brain			BG	Human	https://purl.brain-bican.org/taxonomy/CCN20250428/CS20250428_GROUP_0054		DHBA:10332		CL:4030049			EFO:0008992		https://purl.brain-bican.org/taxonomy/CCN20230722/CS20250428_NEIGH_0002.h5ad	CS20250428_NEIGH_0002	STR D2 MSN				http://purl.obolibrary.org/obo/PCL_0160954														
http://purl.obolibrary.org/obo/PCL_0160146	STRv D1 MSN	STRv D1 MSN	D1-Shell/OT|STRv D1 MSN	CL:4030051	NCBITaxon:9606	Hsap	DHBA:10332	CS20250428_GROUP_0056	Group	https://purl.brain-bican.org/taxonomy/CCN20230722	https://doi.org/10.1038/s41586-023-06812-z|https://doi.org/10.1016/j.cub.2021.10.015	Yao et al. (2023), Whole Mouse Brain			BG	Human	https://purl.brain-bican.org/taxonomy/CCN20250428/CS20250428_GROUP_0056		DHBA:10332		CL:4030051			EFO:0008992		https://purl.brain-bican.org/taxonomy/CCN20230722/CS20250428_NEIGH_0002.h5ad	CS20250428_NEIGH_0002	STR D1 MSN				http://purl.obolibrary.org/obo/PCL_0160956														
http://purl.obolibrary.org/obo/PCL_0160148	STRv D2 MSN	STRv D2 MSN	D2-Shell/OT|STRv D2 MSN	CL:4030052	NCBITaxon:9606	Hsap	DHBA:10332	CS20250428_GROUP_0058	Group	https://purl.brain-bican.org/taxonomy/CCN20230722	https://doi.org/10.1038/s41586-023-06812-z|https://doi.org/10.1016/j.cub.2021.10.015	Yao et al. (2023), Whole Mouse Brain			BG	Human	https://purl.brain-bican.org/taxonomy/CCN20250428/CS20250428_GROUP_0058		DHBA:10332		CL:4030052			EFO:0008992		https://purl.brain-bican.org/taxonomy/CCN20230722/CS20250428_NEIGH_0002.h5ad	CS20250428_NEIGH_0002	STR D2 MSN				http://purl.obolibrary.org/obo/PCL_0160958														
http://purl.obolibrary.org/obo/PCL_0160143	STRd D2 StrioMat Hybrid MSN	STRd D2 StrioMat Hybrid MSN	STRd D2 StrioMat Hybrid MSN		NCBITaxon:9606	Hsap	DHBA:10332	CS20250428_GROUP_0053	Group	https://purl.brain-bican.org/taxonomy/CCN20230722	https://doi.org/10.1038/s41586-023-06812-z	Yao et al. (2023), Whole Mouse Brain			BG	Human	https://purl.brain-bican.org/taxonomy/CCN20250428/CS20250428_GROUP_0053		DHBA:10332					EFO:0008992		https://purl.brain-bican.org/taxonomy/CCN20230722/CS20250428_NEIGH_0002.h5ad	CS20250428_NEIGH_0002	STR D2 MSN																		
http://purl.obolibrary.org/obo/PCL_0160060	STR Hybrid MSN	STR Hybrid MSN	STR Hybrid MSN	CL:4030050	NCBITaxon:9606	Hsap	DHBA:10332	CS20250428_SUBCL_0030	Subclass	https://purl.brain-bican.org/taxonomy/CCN20230722	https://doi.org/10.1038/s41586-023-06812-z	Yao et al. (2023), Whole Mouse Brain			BG	Human	https://purl.brain-bican.org/taxonomy/CCN20250428/CS20250428_SUBCL_0030		DHBA:10332		CL:4030050			EFO:0008992		https://purl.brain-bican.org/taxonomy/CCN20230722/CS20250428_NEIGH_0002.h5ad	CS20250428_NEIGH_0002	CN LGE GABA																		
http://purl.obolibrary.org/obo/PCL_0160141	STR D1D2 Hybrid MSN	STR D1D2 Hybrid MSN	D1/D2 Hybrid|STR D1D2 Hybrid MSN	CL:4030050	NCBITaxon:9606	Hsap	DHBA:10332	CS20250428_GROUP_0051	Group	https://purl.brain-bican.org/taxonomy/CCN20230722	https://doi.org/10.1038/s41586-023-06812-z|https://doi.org/10.1016/j.cub.2021.10.015	Yao et al. (2023), Whole Mouse Brain			BG	Human	https://purl.brain-bican.org/taxonomy/CCN20250428/CS20250428_GROUP_0051		DHBA:10332		CL:4030050			EFO:0008992		https://purl.brain-bican.org/taxonomy/CCN20230722/CS20250428_NEIGH_0002.h5ad	CS20250428_NEIGH_0002	STR Hybrid MSN				http://purl.obolibrary.org/obo/PCL_0160951														
http://purl.obolibrary.org/obo/PCL_0160147	STRv D1 NUDAP MSN	STRv D1 NUDAP MSN	D1-NUDAP|STRv D1 NUDAP MSN	CL:4030054	NCBITaxon:9606	Hsap	DHBA:10332	CS20250428_GROUP_0057	Group	https://purl.brain-bican.org/taxonomy/CCN20230722	https://doi.org/10.1038/s41586-023-06812-z|https://doi.org/10.1016/j.cub.2021.10.015	Yao et al. (2023), Whole Mouse Brain			BG	Human	https://purl.brain-bican.org/taxonomy/CCN20250428/CS20250428_GROUP_0057		DHBA:10332		CL:4030054			EFO:0008992		https://purl.brain-bican.org/taxonomy/CCN20230722/CS20250428_NEIGH_0002.h5ad	CS20250428_NEIGH_0002	STR Hybrid MSN				http://purl.obolibrary.org/obo/PCL_0160957														
http://purl.obolibrary.org/obo/PCL_0160114	OT Granular GABA	OT D1 ICj	D1-ICj (Islands of Calleja)|OT D1 ICj|OT Granular GABA	CL:4030053	NCBITaxon:9606	Hsap	DHBA:10332	CS20250428_SUBCL_0021|CS20250428_GROUP_0024	Group	https://purl.brain-bican.org/taxonomy/CCN20230722	https://doi.org/10.1038/s41586-023-06812-z|https://doi.org/10.1016/j.cub.2021.10.015	Yao et al. (2023), Whole Mouse Brain			BG	Human	https://purl.brain-bican.org/taxonomy/CCN20250428/CS20250428_GROUP_0024		DHBA:10332		CL:4030053			EFO:0008992		https://purl.brain-bican.org/taxonomy/CCN20230722/CS20250428_NEIGH_0002.h5ad	CS20250428_NEIGH_0002	CN LGE GABA				http://purl.obolibrary.org/obo/PCL_0160924														
http://purl.obolibrary.org/obo/PCL_0160103	CN MEIS2 GABA	GPe MEIS2-SOX6 GABA	CN MEIS2 GABA|GPe MEIS2-SOX6 GABA		NCBITaxon:9606	Hsap	DHBA:10332	CS20250428_SUBCL_0006|CS20250428_GROUP_0013	Group	https://purl.brain-bican.org/taxonomy/CCN20230722	https://doi.org/10.1038/s41586-023-06812-z	Yao et al. (2023), Whole Mouse Brain			BG	Human	https://purl.brain-bican.org/taxonomy/CCN20250428/CS20250428_GROUP_0013		DHBA:10332					EFO:0008992		https://purl.brain-bican.org/taxonomy/CCN20230722/CS20250428_NEIGH_0002.h5ad	CS20250428_NEIGH_0002	CN LGE GABA																		
http://purl.obolibrary.org/obo/PCL_0160016	F M GABA	F M GABA	F M GABA		NCBITaxon:9606	Hsap	DHBA:10332	CS20250428_CLASS_0006	Class	https://purl.brain-bican.org/taxonomy/CCN20230722	https://doi.org/10.1038/s41586-023-06812-z	Yao et al. (2023), Whole Mouse Brain			BG	Human	https://purl.brain-bican.org/taxonomy/CCN20250428/CS20250428_CLASS_0006		DHBA:10332					EFO:0008992		https://purl.brain-bican.org/taxonomy/CCN20230722/CS20250428_NEIGH_0002.h5ad	CS20250428_NEIGH_0002	Subpallium GABA																		
http://purl.obolibrary.org/obo/PCL_0160067	F GABA	F GABA	F GABA		NCBITaxon:9606	Hsap	DHBA:10332	CS20250428_SUBCL_0037	Subclass	https://purl.brain-bican.org/taxonomy/CCN20230722	https://doi.org/10.1038/s41586-023-06812-z	Yao et al. (2023), Whole Mouse Brain			BG	Human	https://purl.brain-bican.org/taxonomy/CCN20250428/CS20250428_SUBCL_0037		DHBA:10332					EFO:0008992		https://purl.brain-bican.org/taxonomy/CCN20230722/CS20250428_NEIGH_0002.h5ad	CS20250428_NEIGH_0002	F M GABA																		
http://purl.obolibrary.org/obo/PCL_0160156	AMY-SLEA-BNST GABA	AMY-SLEA-BNST GABA	AMY-SLEA-BNST GABA		NCBITaxon:9606	Hsap	DHBA:10332	CS20250428_GROUP_0066	Group	https://purl.brain-bican.org/taxonomy/CCN20230722	https://doi.org/10.1038/s41586-023-06812-z	Yao et al. (2023), Whole Mouse Brain			BG	Human	https://purl.brain-bican.org/taxonomy/CCN20250428/CS20250428_GROUP_0066		DHBA:10332					EFO:0008992		https://purl.brain-bican.org/taxonomy/CCN20230722/CS20250428_NEIGH_0002.h5ad	CS20250428_NEIGH_0002	F GABA																		
http://purl.obolibrary.org/obo/PCL_0160155	AMY-SLEA-BNST D1 GABA	AMY-SLEA-BNST D1 GABA	AMY-SLEA-BNST D1 GABA		NCBITaxon:9606	Hsap	DHBA:10332	CS20250428_GROUP_0065	Group	https://purl.brain-bican.org/taxonomy/CCN20230722	https://doi.org/10.1038/s41586-023-06812-z	Yao et al. (2023), Whole Mouse Brain			BG	Human	https://purl.brain-bican.org/taxonomy/CCN20250428/CS20250428_GROUP_0065		DHBA:10332					EFO:0008992		https://purl.brain-bican.org/taxonomy/CCN20230722/CS20250428_NEIGH_0002.h5ad	CS20250428_NEIGH_0002	F GABA																		
http://purl.obolibrary.org/obo/PCL_0160056	SN PAX7 GABA	SN PAX7 GABA	SN PAX7 GABA		NCBITaxon:9606	Hsap	DHBA:10332	CS20250428_SUBCL_0026	Subclass	https://purl.brain-bican.org/taxonomy/CCN20230722	https://doi.org/10.1038/s41586-023-06812-z	Yao et al. (2023), Whole Mouse Brain			BG	Human	https://purl.brain-bican.org/taxonomy/CCN20250428/CS20250428_SUBCL_0026		DHBA:10332					EFO:0008992		https://purl.brain-bican.org/taxonomy/CCN20230722/CS20250428_NEIGH_0002.h5ad	CS20250428_NEIGH_0002	F M GABA																		
http://purl.obolibrary.org/obo/PCL_0160124	SN SEMA5A GABA	SN SEMA5A GABA	SN SEMA5A GABA		NCBITaxon:9606	Hsap	DHBA:10332	CS20250428_GROUP_0034	Group	https://purl.brain-bican.org/taxonomy/CCN20230722	https://doi.org/10.1038/s41586-023-06812-z	Yao et al. (2023), Whole Mouse Brain			BG	Human	https://purl.brain-bican.org/taxonomy/CCN20250428/CS20250428_GROUP_0034		DHBA:10332					EFO:0008992		https://purl.brain-bican.org/taxonomy/CCN20230722/CS20250428_NEIGH_0002.h5ad	CS20250428_NEIGH_0002	SN PAX7 GABA																		
http://purl.obolibrary.org/obo/PCL_0160120	SN EBF2 GABA	SN EBF2 GABA	SN EBF2 GABA		NCBITaxon:9606	Hsap	DHBA:10332	CS20250428_GROUP_0030	Group	https://purl.brain-bican.org/taxonomy/CCN20230722	https://doi.org/10.1038/s41586-023-06812-z	Yao et al. (2023), Whole Mouse Brain			BG	Human	https://purl.brain-bican.org/taxonomy/CCN20250428/CS20250428_GROUP_0030		DHBA:10332					EFO:0008992		https://purl.brain-bican.org/taxonomy/CCN20230722/CS20250428_NEIGH_0002.h5ad	CS20250428_NEIGH_0002	SN PAX7 GABA																		
http://purl.obolibrary.org/obo/PCL_0160066	Cx GABA	ACx MEIS2 GABA	ACx MEIS2 GABA|Cx GABA		NCBITaxon:9606	Hsap	DHBA:10332	CS20250428_CLASS_0012|CS20250428_SUBCL_0036	Subclass	https://purl.brain-bican.org/taxonomy/CCN20230722	https://doi.org/10.1038/s41586-023-06812-z	Yao et al. (2023), Whole Mouse Brain			BG	Human	https://purl.brain-bican.org/taxonomy/CCN20250428/CS20250428_SUBCL_0036		DHBA:10332					EFO:0008992		https://purl.brain-bican.org/taxonomy/CCN20230722/CS20250428_NEIGH_0002.h5ad	CS20250428_NEIGH_0002	Subpallium GABA																		
http://purl.obolibrary.org/obo/PCL_0160158	OB FRMD7 GABA	OB FRMD7 GABA	OB FRMD7 GABA		NCBITaxon:9606	Hsap	DHBA:10332	CS20250428_GROUP_0068	Group	https://purl.brain-bican.org/taxonomy/CCN20230722	https://doi.org/10.1038/s41586-023-06812-z	Yao et al. (2023), Whole Mouse Brain			BG	Human	https://purl.brain-bican.org/taxonomy/CCN20250428/CS20250428_GROUP_0068		DHBA:10332					EFO:0008992		https://purl.brain-bican.org/taxonomy/CCN20230722/CS20250428_NEIGH_0002.h5ad	CS20250428_NEIGH_0002	Cx GABA																		
http://purl.obolibrary.org/obo/PCL_0160157	OB Dopa-GABA	OB Dopa-GABA	OB Dopa-GABA		NCBITaxon:9606	Hsap	DHBA:10332	CS20250428_GROUP_0067	Group	https://purl.brain-bican.org/taxonomy/CCN20230722	https://doi.org/10.1038/s41586-023-06812-z	Yao et al. (2023), Whole Mouse Brain			BG	Human	https://purl.brain-bican.org/taxonomy/CCN20250428/CS20250428_GROUP_0067		DHBA:10332					EFO:0008992		https://purl.brain-bican.org/taxonomy/CCN20230722/CS20250428_NEIGH_0002.h5ad	CS20250428_NEIGH_0002	Cx GABA																		
http://purl.obolibrary.org/obo/PCL_0160106	Subpallium GABA-Glut	GPi Shell	CN GABA-Glut|GPi Shell|Subpallium GABA-Glut		NCBITaxon:9606	Hsap	DHBA:10332	CS20250428_NEIGH_0003|CS20250428_CLASS_0002|CS20250428_SUBCL_0014|CS20250428_GROUP_0016	Group	https://purl.brain-bican.org/taxonomy/CCN20230722	https://doi.org/10.1038/s41586-023-06812-z|https://doi.org/10.1016/j.neuron.2017.03.017	Yao et al. (2023), Whole Mouse Brain			BG	Human	https://purl.brain-bican.org/taxonomy/CCN20250428/CS20250428_GROUP_0016		DHBA:10332					EFO:0008992		https://purl.brain-bican.org/taxonomy/CCN20230722/CS20250428_NEIGH_0003.h5ad	CS20250428_NEIGH_0003																			
http://purl.obolibrary.org/obo/PCL_0160105	CN ONECUT1 GABA	GPi Core	CN ONECUT1 GABA|GPi Core		NCBITaxon:9606	Hsap	DHBA:10332	CS20250428_SUBCL_0007|CS20250428_GROUP_0015	Group	https://purl.brain-bican.org/taxonomy/CCN20230722	https://doi.org/10.1038/s41586-023-06812-z|https://doi.org/10.1016/j.neuron.2017.03.017	Yao et al. (2023), Whole Mouse Brain			BG	Human	https://purl.brain-bican.org/taxonomy/CCN20250428/CS20250428_GROUP_0015		DHBA:10332					EFO:0008992		https://purl.brain-bican.org/taxonomy/CCN20230722/CS20250428_NEIGH_0002.h5ad	CS20250428_NEIGH_0002	F M GABA																		
http://purl.obolibrary.org/obo/PCL_0160046	F M GATA3 GABA	F M GATA3 GABA	F M GATA3 GABA		NCBITaxon:9606	Hsap	DHBA:10332	CS20250428_SUBCL_0016	Subclass	https://purl.brain-bican.org/taxonomy/CCN20230722	https://doi.org/10.1038/s41586-023-06812-z	Yao et al. (2023), Whole Mouse Brain			BG	Human	https://purl.brain-bican.org/taxonomy/CCN20250428/CS20250428_SUBCL_0016		DHBA:10332					EFO:0008992		https://purl.brain-bican.org/taxonomy/CCN20230722/CS20250428_NEIGH_0002.h5ad	CS20250428_NEIGH_0002	F M GABA																		
http://purl.obolibrary.org/obo/PCL_0160123	SN GATA3-PVALB GABA	SN GATA3-PVALB GABA	SN GATA3-PVALB GABA|aSNpr		NCBITaxon:9606	Hsap	DHBA:10332	CS20250428_GROUP_0033	Group	https://purl.brain-bican.org/taxonomy/CCN20230722	https://doi.org/10.3389/fnins.2022.976209|https://doi.org/10.1038/s41586-023-06812-z	Yao et al. (2023), Whole Mouse Brain			BG	Human	https://purl.brain-bican.org/taxonomy/CCN20250428/CS20250428_GROUP_0033		DHBA:10332					EFO:0008992		https://purl.brain-bican.org/taxonomy/CCN20230722/CS20250428_NEIGH_0002.h5ad	CS20250428_NEIGH_0002	F M GATA3 GABA				http://purl.obolibrary.org/obo/PCL_0160933														
http://purl.obolibrary.org/obo/PCL_0160035	CN LHX8 GABA	CN LHX8 GABA	CN LHX8 GABA		NCBITaxon:9606	Hsap	DHBA:10332	CS20250428_SUBCL_0005	Subclass	https://purl.brain-bican.org/taxonomy/CCN20230722	https://doi.org/10.1038/s41586-023-06812-z	Yao et al. (2023), Whole Mouse Brain			BG	Human	https://purl.brain-bican.org/taxonomy/CCN20250428/CS20250428_SUBCL_0005		DHBA:10332					EFO:0008992		https://purl.brain-bican.org/taxonomy/CCN20230722/CS20250428_NEIGH_0002.h5ad	CS20250428_NEIGH_0002	F M GABA																		
http://purl.obolibrary.org/obo/PCL_0160104	GPe SOX6-CTXND1 GABA	GPe SOX6-CTXND1 GABA	GPe SOX6-CTXND1 GABA		NCBITaxon:9606	Hsap	DHBA:10332	CS20250428_GROUP_0014	Group	https://purl.brain-bican.org/taxonomy/CCN20230722	https://doi.org/10.1038/s41586-023-06812-z	Yao et al. (2023), Whole Mouse Brain			BG	Human	https://purl.brain-bican.org/taxonomy/CCN20250428/CS20250428_GROUP_0014		DHBA:10332					EFO:0008992		https://purl.brain-bican.org/taxonomy/CCN20230722/CS20250428_NEIGH_0002.h5ad	CS20250428_NEIGH_0002	CN LHX8 GABA				http://purl.obolibrary.org/obo/PCL_0160914														
http://purl.obolibrary.org/obo/PCL_0160153	ZI-HTH GABA	ZI-HTH GABA	ZI-HTH GABA		NCBITaxon:9606	Hsap	DHBA:10332	CS20250428_GROUP_0063	Group	https://purl.brain-bican.org/taxonomy/CCN20230722	https://doi.org/10.1038/s41586-023-06812-z	Yao et al. (2023), Whole Mouse Brain			BG	Human	https://purl.brain-bican.org/taxonomy/CCN20250428/CS20250428_GROUP_0063		DHBA:10332					EFO:0008992		https://purl.brain-bican.org/taxonomy/CCN20230722/CS20250428_NEIGH_0002.h5ad	CS20250428_NEIGH_0002	F GABA																		
http://purl.obolibrary.org/obo/PCL_0160127	SN-VTR-HTH GATA3-TCF7L2 GABA	SN-VTR-HTH GATA3-TCF7L2 GABA	SN-VTR-HTH GATA3-TCF7L2 GABA		NCBITaxon:9606	Hsap	DHBA:10332	CS20250428_GROUP_0037	Group	https://purl.brain-bican.org/taxonomy/CCN20230722	https://doi.org/10.1038/s41586-023-06812-z	Yao et al. (2023), Whole Mouse Brain			BG	Human	https://purl.brain-bican.org/taxonomy/CCN20250428/CS20250428_GROUP_0037		DHBA:10332					EFO:0008992		https://purl.brain-bican.org/taxonomy/CCN20230722/CS20250428_NEIGH_0002.h5ad	CS20250428_NEIGH_0002	F M GATA3 GABA																		
http://purl.obolibrary.org/obo/PCL_0160122	SN GATA3-PAX8 GABA	SN GATA3-PAX8 GABA	SN GATA3-PAX8 GABA|pSNpr		NCBITaxon:9606	Hsap	DHBA:10332	CS20250428_GROUP_0032	Group	https://purl.brain-bican.org/taxonomy/CCN20230722	https://doi.org/10.3389/fnins.2022.976209|https://doi.org/10.1038/s41586-023-06812-z	Yao et al. (2023), Whole Mouse Brain			BG	Human	https://purl.brain-bican.org/taxonomy/CCN20250428/CS20250428_GROUP_0032		DHBA:10332					EFO:0008992		https://purl.brain-bican.org/taxonomy/CCN20230722/CS20250428_NEIGH_0002.h5ad	CS20250428_NEIGH_0002	F M GATA3 GABA				http://purl.obolibrary.org/obo/PCL_0160932														
http://purl.obolibrary.org/obo/PCL_0160110	GPe-NDB-SI LHX6-LHX8-GBX1 GABA	GPe-NDB-SI LHX6-LHX8-GBX1 GABA	GPe-NDB-SI LHX6-LHX8-GBX1 GABA		NCBITaxon:9606	Hsap	DHBA:10332	CS20250428_GROUP_0020	Group	https://purl.brain-bican.org/taxonomy/CCN20230722	https://doi.org/10.1038/s41586-023-06812-z	Yao et al. (2023), Whole Mouse Brain			BG	Human	https://purl.brain-bican.org/taxonomy/CCN20250428/CS20250428_GROUP_0020		DHBA:10332					EFO:0008992		https://purl.brain-bican.org/taxonomy/CCN20230722/CS20250428_NEIGH_0002.h5ad	CS20250428_NEIGH_0002	CN LHX8 GABA																		
http://purl.obolibrary.org/obo/PCL_0160011	CN CGE GABA	CN CGE GABA	CN CGE GABA		NCBITaxon:9606	Hsap	DHBA:10332	CS20250428_CLASS_0001	Class	https://purl.brain-bican.org/taxonomy/CCN20230722	https://doi.org/10.1038/s41586-023-06812-z	Yao et al. (2023), Whole Mouse Brain			BG	Human	https://purl.brain-bican.org/taxonomy/CCN20250428/CS20250428_CLASS_0001		DHBA:10332					EFO:0008992		https://purl.brain-bican.org/taxonomy/CCN20230722/CS20250428_NEIGH_0002.h5ad	CS20250428_NEIGH_0002	Subpallium GABA																		
http://purl.obolibrary.org/obo/PCL_0160137	CN VIP GABA	VIP GABA	CN VIP GABA|VIP|VIP GABA		NCBITaxon:9606	Hsap	DHBA:10332	CS20250428_SUBCL_0009|CS20250428_GROUP_0047	Group	https://purl.brain-bican.org/taxonomy/CCN20230722	https://doi.org/10.1038/s41586-020-2874-8|https://doi.org/10.1038/s41586-023-06812-z	Yao et al. (2023), Whole Mouse Brain			BG	Human	https://purl.brain-bican.org/taxonomy/CCN20250428/CS20250428_GROUP_0047		DHBA:10332					EFO:0008992		https://purl.brain-bican.org/taxonomy/CCN20230722/CS20250428_NEIGH_0002.h5ad	CS20250428_NEIGH_0002	CN CGE GABA				http://purl.obolibrary.org/obo/PCL_0160947														
http://purl.obolibrary.org/obo/PCL_0160094	CN LAMP5-CXCL14 GABA	LAMP5-CXCL14 GABA	CN LAMP5-CXCL14 GABA|LAMP5|LAMP5-CXCL14 GABA		NCBITaxon:9606	Hsap	DHBA:10332	CS20250428_SUBCL_0002|CS20250428_GROUP_0004	Group	https://purl.brain-bican.org/taxonomy/CCN20230722	https://doi.org/10.1038/s41586-023-06812-z	Yao et al. (2023), Whole Mouse Brain			BG	Human	https://purl.brain-bican.org/taxonomy/CCN20250428/CS20250428_GROUP_0004		DHBA:10332					EFO:0008992		https://purl.brain-bican.org/taxonomy/CCN20230722/CS20250428_NEIGH_0002.h5ad	CS20250428_NEIGH_0002	CN CGE GABA				http://purl.obolibrary.org/obo/PCL_0160904														
http://purl.obolibrary.org/obo/PCL_0160015	CN MGE GABA	CN MGE GABA	CN MGE GABA		NCBITaxon:9606	Hsap	DHBA:10332	CS20250428_CLASS_0005	Class	https://purl.brain-bican.org/taxonomy/CCN20230722	https://doi.org/10.1038/s41586-023-06812-z	Yao et al. (2023), Whole Mouse Brain			BG	Human	https://purl.brain-bican.org/taxonomy/CCN20250428/CS20250428_CLASS_0005		DHBA:10332					EFO:0008992		https://purl.brain-bican.org/taxonomy/CCN20230722/CS20250428_NEIGH_0002.h5ad	CS20250428_NEIGH_0002	Subpallium GABA																		
http://purl.obolibrary.org/obo/PCL_0160133	STR SST-CHODL GABA	STR SST-CHODL GABA	LTS|STR SST-CHODL GABA|Sst Chodl		NCBITaxon:9606	Hsap	DHBA:10332	CS20250428_SUBCL_0033|CS20250428_GROUP_0043	Group	https://purl.brain-bican.org/taxonomy/CCN20230722	https://doi.org/10.1038/s41586-020-2874-8|https://doi.org/10.1038/s41586-023-06812-z	Yao et al. (2023), Whole Mouse Brain			BG	Human	https://purl.brain-bican.org/taxonomy/CCN20250428/CS20250428_GROUP_0043		DHBA:10332					EFO:0008992		https://purl.brain-bican.org/taxonomy/CCN20230722/CS20250428_NEIGH_0002.h5ad	CS20250428_NEIGH_0002	CN MGE GABA				http://purl.obolibrary.org/obo/PCL_0160943														
http://purl.obolibrary.org/obo/PCL_0160061	STR RSPO2 GABA	STR RSPO2 GABA	STR RSPO2 GABA		NCBITaxon:9606	Hsap	DHBA:10332	CS20250428_SUBCL_0031	Subclass	https://purl.brain-bican.org/taxonomy/CCN20230722	https://doi.org/10.1038/s41586-023-06812-z	Yao et al. (2023), Whole Mouse Brain			BG	Human	https://purl.brain-bican.org/taxonomy/CCN20250428/CS20250428_SUBCL_0031		DHBA:10332					EFO:0008992		https://purl.brain-bican.org/taxonomy/CCN20230722/CS20250428_NEIGH_0002.h5ad	CS20250428_NEIGH_0002	CN MGE GABA																		
http://purl.obolibrary.org/obo/PCL_0160134	STR SST-RSPO2 GABA	STR SST-RSPO2 GABA	STR SST-RSPO2 GABA		NCBITaxon:9606	Hsap	DHBA:10332	CS20250428_GROUP_0044	Group	https://purl.brain-bican.org/taxonomy/CCN20230722	https://doi.org/10.1038/s41586-023-06812-z	Yao et al. (2023), Whole Mouse Brain			BG	Human	https://purl.brain-bican.org/taxonomy/CCN20250428/CS20250428_GROUP_0044		DHBA:10332					EFO:0008992		https://purl.brain-bican.org/taxonomy/CCN20230722/CS20250428_NEIGH_0002.h5ad	CS20250428_NEIGH_0002	STR RSPO2 GABA																		
http://purl.obolibrary.org/obo/PCL_0160131	STR LYPD6-RSPO2 GABA	STR LYPD6-RSPO2 GABA	STR LYPD6-RSPO2 GABA		NCBITaxon:9606	Hsap	DHBA:10332	CS20250428_GROUP_0041	Group	https://purl.brain-bican.org/taxonomy/CCN20230722	https://doi.org/10.1038/s41586-023-06812-z	Yao et al. (2023), Whole Mouse Brain			BG	Human	https://purl.brain-bican.org/taxonomy/CCN20250428/CS20250428_GROUP_0041		DHBA:10332					EFO:0008992		https://purl.brain-bican.org/taxonomy/CCN20230722/CS20250428_NEIGH_0002.h5ad	CS20250428_NEIGH_0002	STR RSPO2 GABA																		
http://purl.obolibrary.org/obo/PCL_0160132	STR SST GABA	STR SST-ADARB2 GABA	STR SST GABA|STR SST-ADARB2 GABA		NCBITaxon:9606	Hsap	DHBA:10332	CS20250428_SUBCL_0032|CS20250428_GROUP_0042	Group	https://purl.brain-bican.org/taxonomy/CCN20230722	https://doi.org/10.1038/s41586-023-06812-z	Yao et al. (2023), Whole Mouse Brain			BG	Human	https://purl.brain-bican.org/taxonomy/CCN20250428/CS20250428_GROUP_0042		DHBA:10332					EFO:0008992		https://purl.brain-bican.org/taxonomy/CCN20230722/CS20250428_NEIGH_0002.h5ad	CS20250428_NEIGH_0002	CN MGE GABA																		
http://purl.obolibrary.org/obo/PCL_0160095	CN LAMP5-LHX6 GABA	LAMP5-LHX6 GABA	CN LAMP5-LHX6 GABA|LAMP5|LAMP5-LHX6 GABA		NCBITaxon:9606	Hsap	DHBA:10332	CS20250428_SUBCL_0003|CS20250428_GROUP_0005	Group	https://purl.brain-bican.org/taxonomy/CCN20230722	https://doi.org/10.1038/s41586-023-06812-z	Yao et al. (2023), Whole Mouse Brain			BG	Human	https://purl.brain-bican.org/taxonomy/CCN20250428/CS20250428_GROUP_0005		DHBA:10332					EFO:0008992		https://purl.brain-bican.org/taxonomy/CCN20230722/CS20250428_NEIGH_0002.h5ad	CS20250428_NEIGH_0002	CN MGE GABA				http://purl.obolibrary.org/obo/PCL_0160905														
http://purl.obolibrary.org/obo/PCL_0160038	CN ST18 GABA	CN ST18 GABA	CN ST18 GABA		NCBITaxon:9606	Hsap	DHBA:10332	CS20250428_SUBCL_0008	Subclass	https://purl.brain-bican.org/taxonomy/CCN20230722	https://doi.org/10.1038/s41586-023-06812-z	Yao et al. (2023), Whole Mouse Brain			BG	Human	https://purl.brain-bican.org/taxonomy/CCN20250428/CS20250428_SUBCL_0008		DHBA:10332					EFO:0008992		https://purl.brain-bican.org/taxonomy/CCN20230722/CS20250428_NEIGH_0002.h5ad	CS20250428_NEIGH_0002	CN MGE GABA																		
http://purl.obolibrary.org/obo/PCL_0160130	STR FS PTHLH-PVALB GABA	STR FS PTHLH-PVALB GABA	FS|Pvalb Pthlh|STR FS PTHLH-PVALB GABA	CL:4042023	NCBITaxon:9606	Hsap	DHBA:10332	CS20250428_GROUP_0040	Group	https://purl.brain-bican.org/taxonomy/CCN20230722	https://doi.org/10.1038/s41586-023-06812-z|https://doi.org/10.1016/j.celrep.2018.07.053	Yao et al. (2023), Whole Mouse Brain			BG	Human	https://purl.brain-bican.org/taxonomy/CCN20250428/CS20250428_GROUP_0040		DHBA:10332		CL:4042023			EFO:0008992		https://purl.brain-bican.org/taxonomy/CCN20230722/CS20250428_NEIGH_0002.h5ad	CS20250428_NEIGH_0002	CN ST18 GABA				http://purl.obolibrary.org/obo/PCL_0160940														
http://purl.obolibrary.org/obo/PCL_0160135	STR TAC3-PLPP4 GABA	STR TAC3-PLPP4 GABA	LHX6 TAC3|STR TAC3-PLPP4 GABA	CL:4042001	NCBITaxon:9606	Hsap	DHBA:10332	CS20250428_GROUP_0045	Group	https://purl.brain-bican.org/taxonomy/CCN20230722	https://doi.org/10.1038/s41586-020-2874-8|https://doi.org/10.1038/s41586-023-06812-z	Yao et al. (2023), Whole Mouse Brain			BG	Human	https://purl.brain-bican.org/taxonomy/CCN20250428/CS20250428_GROUP_0045		DHBA:10332		CL:4042001			EFO:0008992		https://purl.brain-bican.org/taxonomy/CCN20230722/CS20250428_NEIGH_0002.h5ad	CS20250428_NEIGH_0002	CN ST18 GABA				http://purl.obolibrary.org/obo/PCL_0160945														
http://purl.obolibrary.org/obo/PCL_0160136	STR-BF TAC3-PLPP4-LHX8 GABA	STR-BF TAC3-PLPP4-LHX8 GABA	STR-BF TAC3-PLPP4-LHX8 GABA		NCBITaxon:9606	Hsap	DHBA:10332	CS20250428_GROUP_0046	Group	https://purl.brain-bican.org/taxonomy/CCN20230722	https://doi.org/10.1038/s41586-023-06812-z	Yao et al. (2023), Whole Mouse Brain			BG	Human	https://purl.brain-bican.org/taxonomy/CCN20250428/CS20250428_GROUP_0046		DHBA:10332					EFO:0008992		https://purl.brain-bican.org/taxonomy/CCN20230722/CS20250428_NEIGH_0002.h5ad	CS20250428_NEIGH_0002	CN ST18 GABA																		
http://purl.obolibrary.org/obo/PCL_0160031	CN Cholinergic GABA	CN Cholinergic GABA	CN Cholinergic GABA		NCBITaxon:9606	Hsap	DHBA:10332	CS20250428_SUBCL_0001	Subclass	https://purl.brain-bican.org/taxonomy/CCN20230722	https://doi.org/10.1038/s41586-023-06812-z	Yao et al. (2023), Whole Mouse Brain			BG	Human	https://purl.brain-bican.org/taxonomy/CCN20250428/CS20250428_SUBCL_0001		DHBA:10332					EFO:0008992		https://purl.brain-bican.org/taxonomy/CCN20230722/CS20250428_NEIGH_0002.h5ad	CS20250428_NEIGH_0002	CN MGE GABA																		
http://purl.obolibrary.org/obo/PCL_0160093	GPin-BF Cholinergic GABA	GPin-BF Cholinergic GABA	GPin-BF Cholinergic GABA		NCBITaxon:9606	Hsap	DHBA:10332	CS20250428_GROUP_0003	Group	https://purl.brain-bican.org/taxonomy/CCN20230722	https://doi.org/10.1038/s41586-023-06812-z	Yao et al. (2023), Whole Mouse Brain			BG	Human	https://purl.brain-bican.org/taxonomy/CCN20250428/CS20250428_GROUP_0003		DHBA:10332					EFO:0008992		https://purl.brain-bican.org/taxonomy/CCN20230722/CS20250428_NEIGH_0002.h5ad	CS20250428_NEIGH_0002	CN Cholinergic GABA																		
http://purl.obolibrary.org/obo/PCL_0160145	STR Cholinergic GABA	STR Cholinergic GABA	STR Cholinergic GABA		NCBITaxon:9606	Hsap	DHBA:10332	CS20250428_GROUP_0055	Group	https://purl.brain-bican.org/taxonomy/CCN20230722	https://doi.org/10.1038/s41586-023-06812-z	Yao et al. (2023), Whole Mouse Brain			BG	Human	https://purl.brain-bican.org/taxonomy/CCN20250428/CS20250428_GROUP_0055		DHBA:10332					EFO:0008992		https://purl.brain-bican.org/taxonomy/CCN20230722/CS20250428_NEIGH_0002.h5ad	CS20250428_NEIGH_0002	CN Cholinergic GABA																		
http://purl.obolibrary.org/obo/PCL_0160138	STRd Cholinergic GABA	STRd Cholinergic GABA	STRd Cholinergic GABA		NCBITaxon:9606	Hsap	DHBA:10332	CS20250428_GROUP_0048	Group	https://purl.brain-bican.org/taxonomy/CCN20230722	https://doi.org/10.1038/s41586-023-06812-z	Yao et al. (2023), Whole Mouse Brain			BG	Human	https://purl.brain-bican.org/taxonomy/CCN20250428/CS20250428_GROUP_0048		DHBA:10332					EFO:0008992		https://purl.brain-bican.org/taxonomy/CCN20230722/CS20250428_NEIGH_0002.h5ad	CS20250428_NEIGH_0002	CN Cholinergic GABA																		
http://purl.obolibrary.org/obo/PCL_0160000	Glut Sero Dopa	Glut Sero Dopa	Glut Sero Dopa		NCBITaxon:9606	Hsap	DHBA:10332	CS20250428_NEIGH_0000	Neighborhood	https://purl.brain-bican.org/taxonomy/CCN20230722	https://doi.org/10.1038/s41586-023-06812-z	Yao et al. (2023), Whole Mouse Brain			BG	Human	https://purl.brain-bican.org/taxonomy/CCN20250428/CS20250428_NEIGH_0000		DHBA:10332					EFO:0008992		https://purl.brain-bican.org/taxonomy/CCN20230722/CS20250428_NEIGH_0000.h5ad	CS20250428_NEIGH_0000																			
http://purl.obolibrary.org/obo/PCL_0160055	M Dopa	M Dopa	M Dopa	CL:4042025	NCBITaxon:9606	Hsap	DHBA:10332	CS20250428_CLASS_0009|CS20250428_SUBCL_0025	Subclass	https://purl.brain-bican.org/taxonomy/CCN20230722	https://doi.org/10.1038/s41586-023-06812-z	Yao et al. (2023), Whole Mouse Brain			BG	Human	https://purl.brain-bican.org/taxonomy/CCN20250428/CS20250428_SUBCL_0025		DHBA:10332		CL:4042025			EFO:0008992		https://purl.brain-bican.org/taxonomy/CCN20230722/CS20250428_NEIGH_0000.h5ad	CS20250428_NEIGH_0000	Glut Sero Dopa																		
http://purl.obolibrary.org/obo/PCL_0160121	SN-VTR GAD2 Dopa	SN-VTR GAD2 Dopa	SN-VTR GAD2 Dopa		NCBITaxon:9606	Hsap	DHBA:10332	CS20250428_GROUP_0031	Group	https://purl.brain-bican.org/taxonomy/CCN20230722	https://doi.org/10.1101/2024.06.06.597807|https://doi.org/10.1038/s41586-023-06812-z	Yao et al. (2023), Whole Mouse Brain			BG	Human	https://purl.brain-bican.org/taxonomy/CCN20250428/CS20250428_GROUP_0031		DHBA:10332					EFO:0008992		https://purl.brain-bican.org/taxonomy/CCN20230722/CS20250428_NEIGH_0000.h5ad	CS20250428_NEIGH_0000	M Dopa				http://purl.obolibrary.org/obo/PCL_0160931														
http://purl.obolibrary.org/obo/PCL_0160125	SN SOX6 Dopa	SN SOX6 Dopa	SN SOX6 Dopa	CL:4042025	NCBITaxon:9606	Hsap	DHBA:10332	CS20250428_GROUP_0035	Group	https://purl.brain-bican.org/taxonomy/CCN20230722	https://doi.org/10.1038/s41586-023-06812-z|https://doi.org/10.1038/s41593-022-01061-1	Yao et al. (2023), Whole Mouse Brain			BG	Human	https://purl.brain-bican.org/taxonomy/CCN20250428/CS20250428_GROUP_0035		DHBA:10332		CL:4042025			EFO:0008992		https://purl.brain-bican.org/taxonomy/CCN20230722/CS20250428_NEIGH_0000.h5ad	CS20250428_NEIGH_0000	M Dopa				http://purl.obolibrary.org/obo/PCL_0160935														
http://purl.obolibrary.org/obo/PCL_0160119	SN-VTR CALB1 Dopa	SN-VTR CALB1 Dopa	SN-VTR CALB1 Dopa	CL:4042025	NCBITaxon:9606	Hsap	DHBA:10332	CS20250428_GROUP_0029	Group	https://purl.brain-bican.org/taxonomy/CCN20230722	https://doi.org/10.1038/s41586-023-06812-z|https://doi.org/10.1038/s41467-020-17876-0	Yao et al. (2023), Whole Mouse Brain			BG	Human	https://purl.brain-bican.org/taxonomy/CCN20250428/CS20250428_GROUP_0029		DHBA:10332		CL:4042025			EFO:0008992		https://purl.brain-bican.org/taxonomy/CCN20230722/CS20250428_NEIGH_0000.h5ad	CS20250428_NEIGH_0000	M Dopa				http://purl.obolibrary.org/obo/PCL_0160929														
http://purl.obolibrary.org/obo/PCL_0160017	F M Glut	F M Glut	F M Glut		NCBITaxon:9606	Hsap	DHBA:10332	CS20250428_CLASS_0007	Class	https://purl.brain-bican.org/taxonomy/CCN20230722	https://doi.org/10.1038/s41586-023-06812-z	Yao et al. (2023), Whole Mouse Brain			BG	Human	https://purl.brain-bican.org/taxonomy/CCN20250428/CS20250428_CLASS_0007		DHBA:10332					EFO:0008992		https://purl.brain-bican.org/taxonomy/CCN20230722/CS20250428_NEIGH_0000.h5ad	CS20250428_NEIGH_0000	Glut Sero Dopa																		
http://purl.obolibrary.org/obo/PCL_0160043	F Glut	F Glut	F Glut		NCBITaxon:9606	Hsap	DHBA:10332	CS20250428_SUBCL_0013	Subclass	https://purl.brain-bican.org/taxonomy/CCN20230722	https://doi.org/10.1038/s41586-023-06812-z	Yao et al. (2023), Whole Mouse Brain			BG	Human	https://purl.brain-bican.org/taxonomy/CCN20250428/CS20250428_SUBCL_0013		DHBA:10332					EFO:0008992		https://purl.brain-bican.org/taxonomy/CCN20230722/CS20250428_NEIGH_0000.h5ad	CS20250428_NEIGH_0000	F M Glut																		
http://purl.obolibrary.org/obo/PCL_0160098	BF SKOR1 Glut	BF SKOR1 Glut	BF SKOR1 Glut		NCBITaxon:9606	Hsap	DHBA:10332	CS20250428_GROUP_0008	Group	https://purl.brain-bican.org/taxonomy/CCN20230722	https://doi.org/10.1038/s41586-023-06812-z	Yao et al. (2023), Whole Mouse Brain			BG	Human	https://purl.brain-bican.org/taxonomy/CCN20250428/CS20250428_GROUP_0008		DHBA:10332					EFO:0008992		https://purl.brain-bican.org/taxonomy/CCN20230722/CS20250428_NEIGH_0000.h5ad	CS20250428_NEIGH_0000	F Glut																		
http://purl.obolibrary.org/obo/PCL_0160154	VTR-HTH Glut	VTR-HTH Glut	F M Glut|VTR-HTH Glut		NCBITaxon:9606	Hsap	DHBA:10332	CS20250428_SUBCL_0017|CS20250428_GROUP_0064	Group	https://purl.brain-bican.org/taxonomy/CCN20230722	https://doi.org/10.1038/s41586-023-06812-z	Yao et al. (2023), Whole Mouse Brain			BG	Human	https://purl.brain-bican.org/taxonomy/CCN20250428/CS20250428_GROUP_0064		DHBA:10332					EFO:0008992		https://purl.brain-bican.org/taxonomy/CCN20230722/CS20250428_NEIGH_0000.h5ad	CS20250428_NEIGH_0000	F M Glut				http://purl.obolibrary.org/obo/PCL_0160964														
http://purl.obolibrary.org/obo/PCL_0160128	STH PVALB-PITX2 Glut	STH PVALB-PITX2 Glut	STH PVALB-PITX2 Glut		NCBITaxon:9606	Hsap	DHBA:10332	CS20250428_GROUP_0038	Group	https://purl.brain-bican.org/taxonomy/CCN20230722	https://doi.org/10.1038/s41586-023-06812-z	Yao et al. (2023), Whole Mouse Brain			BG	Human	https://purl.brain-bican.org/taxonomy/CCN20250428/CS20250428_GROUP_0038		DHBA:10332					EFO:0008992		https://purl.brain-bican.org/taxonomy/CCN20230722/CS20250428_NEIGH_0000.h5ad	CS20250428_NEIGH_0000	F Glut																		
http://purl.obolibrary.org/obo/PCL_0160001	Nonneuron	Nonneuron	Nonneuron	CL:0000000	NCBITaxon:9606	Hsap	DHBA:10332	CS20250428_NEIGH_0001	Neighborhood	https://purl.brain-bican.org/taxonomy/CCN20230722	https://doi.org/10.1038/s41586-023-06812-z	Yao et al. (2023), Whole Mouse Brain			BG	Human	https://purl.brain-bican.org/taxonomy/CCN20250428/CS20250428_NEIGH_0001		DHBA:10332		CL:0000000			EFO:0008992		https://purl.brain-bican.org/taxonomy/CCN20230722/CS20250428_NEIGH_0001.h5ad	CS20250428_NEIGH_0001																			
http://purl.obolibrary.org/obo/PCL_0160020	OPC-Oligo	OPC-Oligo	OPC-Oligo	CL:0000095	NCBITaxon:9606	Hsap	DHBA:10332	CS20250428_CLASS_0010	Class	https://purl.brain-bican.org/taxonomy/CCN20230722	https://doi.org/10.1038/s41586-023-06812-z	Yao et al. (2023), Whole Mouse Brain			BG	Human	https://purl.brain-bican.org/taxonomy/CCN20250428/CS20250428_CLASS_0010		DHBA:10332		CL:0000095			EFO:0008992		https://purl.brain-bican.org/taxonomy/CCN20230722/CS20250428_NEIGH_0001.h5ad	CS20250428_NEIGH_0001	Nonneuron																		
http://purl.obolibrary.org/obo/PCL_0160113	OPC	OPC	OPC	CL:0002453	NCBITaxon:9606	Hsap	DHBA:10332	CS20250428_SUBCL_0020|CS20250428_GROUP_0023	Group	https://purl.brain-bican.org/taxonomy/CCN20230722	https://doi.org/10.1038/s41586-023-06812-z|https://doi.org/10.1126/science.add7046	Yao et al. (2023), Whole Mouse Brain			BG	Human	https://purl.brain-bican.org/taxonomy/CCN20250428/CS20250428_GROUP_0023		DHBA:10332		CL:0002453			EFO:0008992		https://purl.brain-bican.org/taxonomy/CCN20230722/CS20250428_NEIGH_0001.h5ad	CS20250428_NEIGH_0001	OPC-Oligo				http://purl.obolibrary.org/obo/PCL_0160923														
http://purl.obolibrary.org/obo/PCL_0160099	COP	COP	COP	CL:4023059	NCBITaxon:9606	Hsap	DHBA:10332	CS20250428_SUBCL_0010|CS20250428_GROUP_0009	Group	https://purl.brain-bican.org/taxonomy/CCN20230722	https://doi.org/10.1038/s41586-023-06812-z|https://doi.org/10.1126/science.aaf6463	Yao et al. (2023), Whole Mouse Brain			BG	Human	https://purl.brain-bican.org/taxonomy/CCN20250428/CS20250428_GROUP_0009		DHBA:10332		CL:4023059			EFO:0008992		https://purl.brain-bican.org/taxonomy/CCN20230722/CS20250428_NEIGH_0001.h5ad	CS20250428_NEIGH_0001	OPC-Oligo				http://purl.obolibrary.org/obo/PCL_0160909														
http://purl.obolibrary.org/obo/PCL_0160052	Oligodendrocyte	Oligodendrocyte	Oligodendrocyte	CL:0000128	NCBITaxon:9606	Hsap	DHBA:10332	CS20250428_SUBCL_0022	Subclass	https://purl.brain-bican.org/taxonomy/CCN20230722	https://doi.org/10.1038/s41586-023-06812-z	Yao et al. (2023), Whole Mouse Brain			BG	Human	https://purl.brain-bican.org/taxonomy/CCN20250428/CS20250428_SUBCL_0022		DHBA:10332		CL:0000128			EFO:0008992		https://purl.brain-bican.org/taxonomy/CCN20230722/CS20250428_NEIGH_0001.h5ad	CS20250428_NEIGH_0001	OPC-Oligo																		
http://purl.obolibrary.org/obo/PCL_0160108	ImOligo	ImOligo	ImOligo	CL:4042031	NCBITaxon:9606	Hsap	DHBA:10332	CS20250428_GROUP_0018	Group	https://purl.brain-bican.org/taxonomy/CCN20230722	https://doi.org/10.1038/s41586-019-0903-2|https://doi.org/10.1038/s41586-023-06812-z	Yao et al. (2023), Whole Mouse Brain			BG	Human	https://purl.brain-bican.org/taxonomy/CCN20250428/CS20250428_GROUP_0018		DHBA:10332		CL:4042031			EFO:0008992		https://purl.brain-bican.org/taxonomy/CCN20230722/CS20250428_NEIGH_0001.h5ad	CS20250428_NEIGH_0001	Oligodendrocyte				http://purl.obolibrary.org/obo/PCL_0160918														
http://purl.obolibrary.org/obo/PCL_0160116	Oligo PLEKHG1	Oligo PLEKHG1	Oligo PLEKHG1	CL:0000128	NCBITaxon:9606	Hsap	DHBA:10332	CS20250428_GROUP_0026	Group	https://purl.brain-bican.org/taxonomy/CCN20230722	https://doi.org/10.1038/s41586-023-06812-z|https://doi.org/10.1126/science.add7046	Yao et al. (2023), Whole Mouse Brain			BG	Human	https://purl.brain-bican.org/taxonomy/CCN20250428/CS20250428_GROUP_0026		DHBA:10332		CL:0000128			EFO:0008992		https://purl.brain-bican.org/taxonomy/CCN20230722/CS20250428_NEIGH_0001.h5ad	CS20250428_NEIGH_0001	Oligodendrocyte				http://purl.obolibrary.org/obo/PCL_0160926														
http://purl.obolibrary.org/obo/PCL_0160115	Oligo OPALIN	Oligo OPALIN	Oligo OPALIN	CL:0000128	NCBITaxon:9606	Hsap	DHBA:10332	CS20250428_GROUP_0025	Group	https://purl.brain-bican.org/taxonomy/CCN20230722	https://doi.org/10.1038/s41586-023-06812-z|https://doi.org/10.1126/science.add7046	Yao et al. (2023), Whole Mouse Brain			BG	Human	https://purl.brain-bican.org/taxonomy/CCN20250428/CS20250428_GROUP_0025		DHBA:10332		CL:0000128			EFO:0008992		https://purl.brain-bican.org/taxonomy/CCN20230722/CS20250428_NEIGH_0001.h5ad	CS20250428_NEIGH_0001	Oligodendrocyte				http://purl.obolibrary.org/obo/PCL_0160925														
http://purl.obolibrary.org/obo/PCL_0160010	Astro-Epen	Astro-Epen	Astro-Epen	CL:0000125	NCBITaxon:9606	Hsap	DHBA:10332	CS20250428_CLASS_0000	Class	https://purl.brain-bican.org/taxonomy/CCN20230722	https://doi.org/10.1038/s41586-023-06812-z	Yao et al. (2023), Whole Mouse Brain			BG	Human	https://purl.brain-bican.org/taxonomy/CCN20250428/CS20250428_CLASS_0000		DHBA:10332		CL:0000125			EFO:0008992		https://purl.brain-bican.org/taxonomy/CCN20230722/CS20250428_NEIGH_0001.h5ad	CS20250428_NEIGH_0001	Nonneuron																		
http://purl.obolibrary.org/obo/PCL_0160030	Astrocyte Subclass	Astrocyte Subclass	Astrocyte Subclass	CL:0000127	NCBITaxon:9606	Hsap	DHBA:10332	CS20250428_SUBCL_0000	Subclass	https://purl.brain-bican.org/taxonomy/CCN20230722	https://doi.org/10.1038/s41586-023-06812-z	Yao et al. (2023), Whole Mouse Brain			BG	Human	https://purl.brain-bican.org/taxonomy/CCN20250428/CS20250428_SUBCL_0000		DHBA:10332		CL:0000127			EFO:0008992		https://purl.brain-bican.org/taxonomy/CCN20230722/CS20250428_NEIGH_0001.h5ad	CS20250428_NEIGH_0001	Astro-Epen																		
http://purl.obolibrary.org/obo/PCL_0160107	ImAstro	ImAstro	ImAstro		NCBITaxon:9606	Hsap	DHBA:10332	CS20250428_GROUP_0017	Group	https://purl.brain-bican.org/taxonomy/CCN20230722	https://doi.org/10.1038/s41586-023-06812-z	Yao et al. (2023), Whole Mouse Brain			BG	Human	https://purl.brain-bican.org/taxonomy/CCN20250428/CS20250428_GROUP_0017		DHBA:10332					EFO:0008992		https://purl.brain-bican.org/taxonomy/CCN20230722/CS20250428_NEIGH_0001.h5ad	CS20250428_NEIGH_0001	Astrocyte Subclass				http://purl.obolibrary.org/obo/PCL_0160917														
http://purl.obolibrary.org/obo/PCL_0160129	Astrocyte	Astrocyte	Astrocyte	CL:0000127	NCBITaxon:9606	Hsap	DHBA:10332	CS20250428_GROUP_0039	Group	https://purl.brain-bican.org/taxonomy/CCN20230722	https://doi.org/10.1038/s41586-023-06812-z	Yao et al. (2023), Whole Mouse Brain			BG	Human	https://purl.brain-bican.org/taxonomy/CCN20250428/CS20250428_GROUP_0039		DHBA:10332		CL:0000127			EFO:0008992		https://purl.brain-bican.org/taxonomy/CCN20230722/CS20250428_NEIGH_0001.h5ad	CS20250428_NEIGH_0001	Astrocyte Subclass				http://purl.obolibrary.org/obo/PCL_0160939														
http://purl.obolibrary.org/obo/PCL_0160102	Ependymal	Ependymal	Ependymal	CL:0000065	NCBITaxon:9606	Hsap	DHBA:10332	CS20250428_SUBCL_0012|CS20250428_GROUP_0012	Group	https://purl.brain-bican.org/taxonomy/CCN20230722	https://doi.org/10.1038/s41586-023-06812-z	Yao et al. (2023), Whole Mouse Brain			BG	Human	https://purl.brain-bican.org/taxonomy/CCN20250428/CS20250428_GROUP_0012		DHBA:10332		CL:0000065			EFO:0008992		https://purl.brain-bican.org/taxonomy/CCN20230722/CS20250428_NEIGH_0001.h5ad	CS20250428_NEIGH_0001	Astro-Epen				http://purl.obolibrary.org/obo/PCL_0160912														
http://purl.obolibrary.org/obo/PCL_0160018	Immune	Immune	Immune	CL:0000842	NCBITaxon:9606	Hsap	DHBA:10332	CS20250428_CLASS_0008	Class	https://purl.brain-bican.org/taxonomy/CCN20230722	https://doi.org/10.1038/s41586-023-06812-z	Yao et al. (2023), Whole Mouse Brain			BG	Human	https://purl.brain-bican.org/taxonomy/CCN20250428/CS20250428_CLASS_0008		DHBA:10332		CL:0000842			EFO:0008992		https://purl.brain-bican.org/taxonomy/CCN20230722/CS20250428_NEIGH_0001.h5ad	CS20250428_NEIGH_0001	Nonneuron																		
http://purl.obolibrary.org/obo/PCL_0160109	Microglia	Microglia	Microglia	CL:0000129	NCBITaxon:9606	Hsap	DHBA:10332	CS20250428_SUBCL_0019|CS20250428_GROUP_0019	Group	https://purl.brain-bican.org/taxonomy/CCN20230722	https://doi.org/10.1038/s41586-023-06812-z	Yao et al. (2023), Whole Mouse Brain			BG	Human	https://purl.brain-bican.org/taxonomy/CCN20250428/CS20250428_GROUP_0019		DHBA:10332		CL:0000129			EFO:0008992		https://purl.brain-bican.org/taxonomy/CCN20230722/CS20250428_NEIGH_0001.h5ad	CS20250428_NEIGH_0001	Immune				http://purl.obolibrary.org/obo/PCL_0160919														
http://purl.obolibrary.org/obo/PCL_0160091	Macrophage	BAM	BAM|Macrophage	CL:4042003	NCBITaxon:9606	Hsap	DHBA:10332	CS20250428_SUBCL_0018|CS20250428_GROUP_0001	Group	https://purl.brain-bican.org/taxonomy/CCN20230722	https://doi.org/10.1038/s41586-023-06812-z	Yao et al. (2023), Whole Mouse Brain			BG	Human	https://purl.brain-bican.org/taxonomy/CCN20250428/CS20250428_GROUP_0001		DHBA:10332		CL:4042003			EFO:0008992		https://purl.brain-bican.org/taxonomy/CCN20230722/CS20250428_NEIGH_0001.h5ad	CS20250428_NEIGH_0001	Immune				http://purl.obolibrary.org/obo/PCL_0160901														
http://purl.obolibrary.org/obo/PCL_0160112	Monocyte	Monocyte	Monocyte		NCBITaxon:9606	Hsap	DHBA:10332	CS20250428_SUBCL_0038|CS20250428_GROUP_0022	Group	https://purl.brain-bican.org/taxonomy/CCN20230722	https://doi.org/10.1038/s41586-023-06812-z	Yao et al. (2023), Whole Mouse Brain			BG	Human	https://purl.brain-bican.org/taxonomy/CCN20250428/CS20250428_GROUP_0022		DHBA:10332		CL:0000542			EFO:0008992		https://purl.brain-bican.org/taxonomy/CCN20230722/CS20250428_NEIGH_0001.h5ad	CS20250428_NEIGH_0001	Immune				http://purl.obolibrary.org/obo/PCL_0160922														
http://purl.obolibrary.org/obo/PCL_0160045	Lymphocyte	Lymphocyte	Lymphocyte	CL:0000542	NCBITaxon:9606	Hsap	DHBA:10332	CS20250428_SUBCL_0015	Subclass	https://purl.brain-bican.org/taxonomy/CCN20230722	https://doi.org/10.1038/s41586-023-06812-z	Yao et al. (2023), Whole Mouse Brain			BG	Human	https://purl.brain-bican.org/taxonomy/CCN20250428/CS20250428_SUBCL_0015		DHBA:10332		CL:0000542			EFO:0008992		https://purl.brain-bican.org/taxonomy/CCN20230722/CS20250428_NEIGH_0001.h5ad	CS20250428_NEIGH_0001	Immune																		
http://purl.obolibrary.org/obo/PCL_0160090	B cells	B cells	B cells		NCBITaxon:9606	Hsap	DHBA:10332	CS20250428_GROUP_0000	Group	https://purl.brain-bican.org/taxonomy/CCN20230722	https://doi.org/10.1038/s41586-023-06812-z	Yao et al. (2023), Whole Mouse Brain			BG	Human	https://purl.brain-bican.org/taxonomy/CCN20250428/CS20250428_GROUP_0000		DHBA:10332					EFO:0008992		https://purl.brain-bican.org/taxonomy/CCN20230722/CS20250428_NEIGH_0001.h5ad	CS20250428_NEIGH_0001	Lymphocyte				http://purl.obolibrary.org/obo/PCL_0160900														
http://purl.obolibrary.org/obo/PCL_0160149	T cells	T cells	T cells	CL:0000084	NCBITaxon:9606	Hsap	DHBA:10332	CS20250428_GROUP_0059	Group	https://purl.brain-bican.org/taxonomy/CCN20230722	https://doi.org/10.1038/s41586-023-06812-z	Yao et al. (2023), Whole Mouse Brain			BG	Human	https://purl.brain-bican.org/taxonomy/CCN20250428/CS20250428_GROUP_0059		DHBA:10332		CL:0000084			EFO:0008992		https://purl.brain-bican.org/taxonomy/CCN20230722/CS20250428_NEIGH_0001.h5ad	CS20250428_NEIGH_0001	Lymphocyte				http://purl.obolibrary.org/obo/PCL_0160959														
http://purl.obolibrary.org/obo/PCL_0160021	Vascular	Vascular	Vascular	CL:0002320	NCBITaxon:9606	Hsap	DHBA:10332	CS20250428_CLASS_0011	Class	https://purl.brain-bican.org/taxonomy/CCN20230722	https://doi.org/10.1038/s41586-023-06812-z	Yao et al. (2023), Whole Mouse Brain			BG	Human	https://purl.brain-bican.org/taxonomy/CCN20250428/CS20250428_CLASS_0011		DHBA:10332		CL:0002320			EFO:0008992		https://purl.brain-bican.org/taxonomy/CCN20230722/CS20250428_NEIGH_0001.h5ad	CS20250428_NEIGH_0001	Nonneuron																		
http://purl.obolibrary.org/obo/PCL_0160152	VLMC	VLMC	VLMC	CL:4023051	NCBITaxon:9606	Hsap	DHBA:10332	CS20250428_SUBCL_0035|CS20250428_GROUP_0062	Group	https://purl.brain-bican.org/taxonomy/CCN20230722	https://doi.org/10.1038/s41586-023-06812-z	Yao et al. (2023), Whole Mouse Brain			BG	Human	https://purl.brain-bican.org/taxonomy/CCN20250428/CS20250428_GROUP_0062		DHBA:10332		CL:4023051			EFO:0008992		https://purl.brain-bican.org/taxonomy/CCN20230722/CS20250428_NEIGH_0001.h5ad	CS20250428_NEIGH_0001	Vascular				http://purl.obolibrary.org/obo/PCL_0160962														
http://purl.obolibrary.org/obo/PCL_0160118	SMC	SMC	SMC	CL:0000192	NCBITaxon:9606	Hsap	DHBA:10332	CS20250428_SUBCL_0024|CS20250428_GROUP_0028	Group	https://purl.brain-bican.org/taxonomy/CCN20230722	https://doi.org/10.1038/s41586-023-06812-z	Yao et al. (2023), Whole Mouse Brain			BG	Human	https://purl.brain-bican.org/taxonomy/CCN20250428/CS20250428_GROUP_0028		DHBA:10332		CL:0000192			EFO:0008992		https://purl.brain-bican.org/taxonomy/CCN20230722/CS20250428_NEIGH_0001.h5ad	CS20250428_NEIGH_0001	Vascular				http://purl.obolibrary.org/obo/PCL_0160928														
http://purl.obolibrary.org/obo/PCL_0160117	Pericyte	Pericyte	Pericyte	CL:0000669	NCBITaxon:9606	Hsap	DHBA:10332	CS20250428_SUBCL_0023|CS20250428_GROUP_0027	Group	https://purl.brain-bican.org/taxonomy/CCN20230722	https://doi.org/10.1038/s41586-023-06812-z	Yao et al. (2023), Whole Mouse Brain			BG	Human	https://purl.brain-bican.org/taxonomy/CCN20250428/CS20250428_GROUP_0027		DHBA:10332		CL:0000669			EFO:0008992		https://purl.brain-bican.org/taxonomy/CCN20230722/CS20250428_NEIGH_0001.h5ad	CS20250428_NEIGH_0001	Vascular				http://purl.obolibrary.org/obo/PCL_0160927														
http://purl.obolibrary.org/obo/PCL_0160101	Endo	Endo	Endo	CL:0000115	NCBITaxon:9606	Hsap	DHBA:10332	CS20250428_SUBCL_0011|CS20250428_GROUP_0011	Group	https://purl.brain-bican.org/taxonomy/CCN20230722	https://doi.org/10.1038/s41586-023-06812-z	Yao et al. (2023), Whole Mouse Brain			BG	Human	https://purl.brain-bican.org/taxonomy/CCN20250428/CS20250428_GROUP_0011		DHBA:10332		CL:0000115			EFO:0008992		https://purl.brain-bican.org/taxonomy/CCN20230722/CS20250428_NEIGH_0001.h5ad	CS20250428_NEIGH_0001	Vascular				http://purl.obolibrary.org/obo/PCL_0160911														
